id,doi,scopus_id,title,authors,year,venue,corresponding_country,affiliations,detection_method,spectral,spectral_range_um_min,spectral_range_um_max,direction,temperature_measurement_method,temperature_control_method,temperature_range_K_min,temperature_range_K_max,citations_total,citations_total_updated,cites,cited_by
10.1007/BF01439254,10.1007/BF01439254,28255074,Method and apparatus for determination of the total directional emissivity of opaque materials in the temperature range 300 to 600 K,S. X. Cheng;S. X. Jing;X. S. Ge;C. C. Yao,1994,International Journal of Thermophysics,CN,"University of Science and Technology of China (CN, Hefei);University of Science and Technology of China (CN, Hefei);University of Science and Technology of China (CN, Hefei);University of Science and Technology of China (CN, Hefei)",pyroelectric detector;chopper locking,false,,,directional,thermocouple,electric heater,300.0,600.0,6,2026-08-02,,
10.1007/BF01443671,10.1007/BF01443671,15204212,"Measurement of the total emittance of graphite, molybdenum, tantalum and tungsten in the temperature range from 1200 K to 2400 K Messung des Gresamtemissionsgrades von Graphit, Molybdän, Tantal und Wolfram bei Temperaturen zwischen 1200 K und 2400 K",G. Neuer,1971,Wärme- und Stoffübertragung,DE,"Universität Stuttgart (DE, Stuttgart)",pyrometer LP2,true,0.5,8.3,directional,pyrometer,Electron-beam heating,1000.0,3000.0,10,2026-08-02,,
10.1007/BF01539529,10.1007/BF01539529,7284610,"Determination of the directional spectral emissivity of solids in the spectral range from 2.5 ?m to 45 ?m at temperatures between 80°C and 350°C Bestimmung des gerichteten spektralen Emissionsgrades von Feststoffen im Wellenlängenbereich von 2,5 ?m bis 45 ?m bei Temperaturen zwischen 80°C und 350°C",J. Lohrengel;R. Todtenhaupt;M. Ragab,1993,Wärme- und Stoffübertragung,DE,"Physikalisch-Technische Bundesanstalt (DE, Braunschweig);Physikalisch-Technische Bundesanstalt (DE, Braunschweig);National Institute of Standards (EG, Giza)",FTIR;Nicolet 5DXB,true,2.5,45.0,directional,platinum resistance thermometer;calculated,electric heater,353.0,623.0,23,2026-08-02,,
10.1007/BF01589994,10.1007/BF01589994,25748259,Measurements of the spectral emissivity of surfaces used in jet engines and space technology,V. Lippig;R. Waibel;H. Wilhelmi;D. Straub,1991,Wärme- und Stoffübertragung,DE,"University of the Bundeswehr Munich (DE, Neubiberg);University of the Bundeswehr Munich (DE, Neubiberg);Rheinisch-Westfälische Technische Hochschule Aachen (DE, Aachen);University of the Bundeswehr Munich (DE, Neubiberg)",Grid-grating monochromator indium-antimonide photo detector,true,1.8,5.6,normal,thermocouple,electric heater;furnace,,2073.0,0,2026-08-02,,
10.1007/s00339-008-4601-4,10.1007/s00339-008-4601-4,49449086898,Laser pulse transient method for measuring the normal spectral emissivity of samples with arbitrary surface quality,A. Jeromen;I. Grabec;E. Govekar,2008,Applied Physics A: Materials Science and Processing,SI,"Univerza v Ljubljani (SI, Ljubljana);Univerza v Ljubljani (SI, Ljubljana);Univerza v Ljubljani (SI, Ljubljana)",infrared camera,,,,normal,infrared camera,,,,3,2026-08-02,,
10.1007/s00340-024-08331-9,10.1007/s00340-024-08331-9,85205980906,Experimental setup for the determination of spectral normal emissivity of conductive materials in the 1–18 ?m wavelength range at 300–1700 °C in air,R. A. Mironov;A. E. Kryukov;A. O. Zabezhaylov;M. O. Zabezhaylov;M. Y. Rusin,2024,Applied Physics B: Lasers and Optics,RU,"ORPE “Technologiya” named after A.G. Romashin (RU, Obninsk);ORPE “Technologiya” named after A.G. Romashin (RU, Obninsk);ORPE “Technologiya” named after A.G. Romashin (RU, Obninsk);ORPE “Technologiya” named after A.G. Romashin (RU, Obninsk);ORPE “Technologiya” named after A.G. Romashin (RU, Obninsk)",FTIR;Simex FT-805,true,1.0,18.0,normal,pyrometer;calculated;iterative method,induction heating,573.0,1973.0,1,2026-08-02,10.1007/s10765-007-0183-1;10.1088/1742-6596/395/1/012152;10.3390/s21186252,10.1088/1742-6596/13/1/015
10.1007/s10765-007-0183-1,10.1007/s10765-007-0183-1,34250646992,Temperature-resolved infrared spectral emissivity of SiC and Pt-10Rh for temperatures up to 900°C,Claus P. Cagran;Leonard M. Hanssen;Mart Noorma;Alex V. Gura;Sergey N. Mekhontsev,2007,International Journal of Thermophysics,US,"National Institute of Standards and Technology (US, Gaithersburg);National Institute of Standards and Technology (US, Gaithersburg);National Institute of Standards and Technology (US, Gaithersburg);National Institute of Standards and Technology (US, Gaithersburg);National Institute of Standards and Technology (US, Gaithersburg)",FTIR;Bomem DA3,true,2.0,20.0,directional,platinum resistance thermometer,Heat-pipe heaters,793.0,1943.0,115,2026-08-02,10.1007/s10765-016-2058-9;10.1007/s10765-022-03129-3;10.1007/s10765-024-03393-5;10.1016/j.ijheatmasstransfer.2012.02.055;10.1016/j.ijheatmasstransfer.2017.06.133;10.1016/j.ijheatmasstransfer.2021.122092;10.1016/j.ijthermalsci.2025.109809;10.1016/j.infrared.2015.01.011;10.1016/j.infrared.2018.06.031;10.1016/j.infrared.2023.105060;10.1016/j.jqsrt.2022.108277;10.1016/j.measurement.2023.113999;10.1088/0026-1394/47/2/S14;10.1088/0957-0233/25/9/095501;10.1088/1681-7575/ab84ff,10.1007/s00340-024-08331-9;10.1007/s10765-018-2472-2;10.1016/j.applthermaleng.2019.114854;10.1016/j.ijheatmasstransfer.2015.07.064;10.1016/j.infrared.2022.104515;10.1016/s0031-8914(54)80182-0;10.1115/1.4006088;10.1117/12.542224
10.1007/s10765-008-0442-9,10.1007/s10765-008-0442-9,59349119240,Radiation thermometry and emissivity measurements under vacuum at the PTB,C. Monte;B. Gutschwager;S. P. Morozova;J. Hollandt,2009,International Journal of Thermophysics,DE,"Physikalisch-Technische Bundesanstalt (DE, Braunschweig);Physikalisch-Technische Bundesanstalt (DE, Braunschweig);All-Russian Research Institute for Optical and Physical Measurements (RU, Moscow);Physikalisch-Technische Bundesanstalt (DE, Braunschweig)",FTIR;Bruker Vertex 80v,true,1.0,1000.0,directional,platinum resistance thermometer;calculated,electric heater,273.0,703.0,98,2026-08-02,10.1007/s10765-013-1531-y;10.1007/s10765-016-2058-9;10.1007/s10765-021-02813-0;10.1007/s10765-022-03129-3;10.1016/j.ijheatmasstransfer.2017.06.133;10.1016/j.ijheatmasstransfer.2021.122092;10.1016/j.jqsrt.2022.108277;10.1088/0026-1394/47/2/S14;10.1109/TIM.2023.3268656;10.3390/ma12071141;10.3390/s21186252;scopus_77957053134,10.1007/s10765-014-1745-7;10.1007/s10765-015-1969-1;10.1007/s11018-012-0103-z;10.1016/j.ijheatmasstransfer.2015.07.064;10.1016/j.infrared.2022.104515;10.1016/j.jqsrt.2020.107316;10.1088/1361-6501/ab5e9b;10.1109/TIM.2025.3551925;10.1115/1.4006088
10.1007/s10765-010-0847-0,10.1007/s10765-010-0847-0,79960697670,Simultaneous measurement method of normal spectral emissivity and optical constants of solids at high temperature in vacuum,K. Nakazawa;A. Ohnishi,2010,International Journal of Thermophysics,JP,"Tokai University (JP, Tokyo);JAXA Institute of Space and Astronautical Science (JP, Sagamihara)",FTIR;FTS-60A/596; Bio-Rad,true,1.6,22.0,normal,thermopile;calculated,electric heater,373.0,1673.0,19,2026-08-02,10.1007/s10765-016-2058-9;10.1007/s10765-022-03129-3;10.1016/j.applthermaleng.2019.114854;10.1016/j.ijheatmasstransfer.2017.06.133;10.1016/j.infrared.2018.06.031;10.1016/j.infrared.2019.102974;10.1016/j.jqsrt.2022.108277;10.1109/TIM.2023.3268656,
10.1007/s10765-011-0986-y,10.1007/s10765-011-0986-y,85027945411,Normal and directional spectral emittance measurement of semi-transparent materials using two-substrate method: Alumina,Geun Woo Lee;Sangho Jeon;Nam Joon Yoo;Chul Woung Park;Seung Nam Park;Su Yong Kwon;Sang Hyun Lee,2011,International Journal of Thermophysics,KR,"Korea Research Institute of Standards and Science (KR, Yusong);Korea Research Institute of Standards and Science (KR, Yusong);Korea Research Institute of Standards and Science (KR, Yusong);Korea Research Institute of Standards and Science (KR, Yusong);Korea Research Institute of Standards and Science (KR, Yusong);Korea Research Institute of Standards and Science (KR, Yusong);Korea Research Institute of Standards and Science (KR, Yusong)",FTIR;Nicolet 6700,true,2.5,25.0,directional,thermocouple,electric heater,,1473.0,13,2026-08-02,10.1016/j.ijheatmasstransfer.2021.122092;10.1016/j.infrared.2019.102974;10.1063/1.2393157;10.1088/1674-1056/25/4/047801,
10.1007/s10765-013-1400-8,10.1007/s10765-013-1400-8,85028159647,New facilities for the measurements of high-temperature thermophysical properties at LNE,Bruno Hay;Jacques Hameury;Nolwenn Fleurence;Pascal Lacipiere;Marc Grelard;Vincent Scoarnec;Guillaume Davee,2014,International Journal of Thermophysics,FR,"Laboratoire National de Metrologie et d'Essais (FR, Paris);Laboratoire National de Metrologie et d'Essais (FR, Paris);Laboratoire National de Metrologie et d'Essais (FR, Paris);Laboratoire National de Metrologie et d'Essais (FR, Paris);Laboratoire National de Metrologie et d'Essais (FR, Paris);Laboratoire National de Metrologie et d'Essais (FR, Paris);Laboratoire National de Metrologie et d'Essais (FR, Paris)",FTIR;Bruker Vertex 70,true,0.8,10.0,directional,contact thermometry;bichromatic pyrometry or “pyroreflectometry”,halogen lamps,,1723.0,36,2026-08-02,10.1007/s10765-021-02813-0;10.1016/j.expthermflusci.2021.110379;10.1016/j.ijthermalsci.2025.110629;10.1016/j.infrared.2015.01.011;10.1016/j.infrared.2015.10.001;10.1016/j.tca.2017.03.004;10.1063/5.0073459;10.1088/0957-0233/25/9/095501;10.1088/1742-6596/13/1/015;10.1109/TIM.2023.3268656;10.1109/TIM.2024.3457934;10.3390/ma15010235;10.3390/s21186252,10.1063/1.5116425
10.1007/s10765-013-1531-y,10.1007/s10765-013-1531-y,84890790230,Direct measurements of infrared normal spectral emissivity of solid materials for high-temperature applications,S. Hatzl;M. Kirschner;V. Lippig;T. Sander;Ch Mundt;M. Pfitzner,2013,International Journal of Thermophysics,DE,"University of the Bundeswehr Munich (DE, Neubiberg);University of the Bundeswehr Munich (DE, Neubiberg);University of the Bundeswehr Munich (DE, Neubiberg);University of the Bundeswehr Munich (DE, Neubiberg);University of the Bundeswehr Munich (DE, Neubiberg);University of the Bundeswehr Munich (DE, Neubiberg)",grating monochromator;SolarTII MS 2704;4-grating monochromator,true,0.6,15.0,normal,thermocouple;calculated,electric heater,773.0,1623.0,35,2026-08-02,10.1007/s10765-024-03393-5;10.1016/j.infrared.2015.10.001;10.1016/j.jqsrt.2022.108277;10.1063/1.2393157;10.1063/5.0073459;10.1109/TIM.2024.3457934,10.1007/s10765-008-0442-9;10.1016/j.applthermaleng.2019.114854;10.1016/j.expthermflusci.2021.110379;10.1117/12.542224
10.1007/s10765-014-1745-7,10.1007/s10765-014-1745-7,84925482101,Emissivity Measurement Under Vacuum from 4µm to 100µm and from ?40?C to 450?C at PTB,A. Adibekyan;C. Monte;M. Kehrt;B. Gutschwager;J. Hollandt,2015,International Journal of Thermophysics,DE,"Physikalisch-Technische Bundesanstalt (DE, Braunschweig);Physikalisch-Technische Bundesanstalt (DE, Braunschweig);Physikalisch-Technische Bundesanstalt (DE, Braunschweig);Physikalisch-Technische Bundesanstalt (DE, Braunschweig);Physikalisch-Technische Bundesanstalt (DE, Braunschweig)",FTIR;Bruker Vertex,true,4.0,100.0,directional,platinum resistance thermometer;calculated,electric heater,233.0,723.0,37,2026-08-02,10.1007/s10765-008-0442-9;10.1007/s10765-021-02813-0;10.1007/s10765-024-03393-5;10.1016/j.expthermflusci.2021.110379;10.1016/j.infrared.2023.105060;10.1016/j.measurement.2023.113999;10.1088/0026-1394/47/2/S14;10.1088/1681-7575/ab84ff;10.1109/TIM.2023.3268656;10.1117/12.2208334;10.3390/app142210369;10.3390/ma12071141,10.1007/s10765-018-2472-2;10.1007/s11018-012-0103-z;10.1016/j.jqsrt.2020.107316;10.1364/AO.54.008700;scopus_77957053134
10.1007/s10765-015-1866-7,10.1007/s10765-015-1866-7,84940719881,A Dynamic Method to Measure Emissivity at High Temperatures,S. Krenek;D. Gilbers;K. Anhalt;D. R. Taubert;J. Hollandt,2015,International Journal of Thermophysics,DE,"Physikalisch-Technische Bundesanstalt (DE, Braunschweig);Physikalisch-Technische Bundesanstalt (DE, Braunschweig);Physikalisch-Technische Bundesanstalt (DE, Braunschweig);Physikalisch-Technische Bundesanstalt (DE, Braunschweig);Physikalisch-Technische Bundesanstalt (DE, Braunschweig)",radiation thermometer LP5,true,1.064,1.064,normal,calculated,induction heating,,1000.0,30,2026-08-02,10.1016/j.applthermaleng.2025.127648;10.1109/TIM.2019.2944504;10.1109/TIM.2024.3457934;10.3390/ma12071141,10.1007/s10765-017-2339-y;10.1016/j.ijheatmasstransfer.2024.125975;10.1016/j.infrared.2023.105060;10.1016/j.solener.2022.01.050;10.1088/0026-1394/47/2/S14;10.1088/1681-7575/ab84ff;10.3390/ma15010235
10.1007/s10765-015-1969-1,10.1007/s10765-015-1969-1,84949103187,Material Spectral Emissivity Measurement Based on Two Reference Blackbodies,Jing Cai;Yongjun Yang;Li Liao;Guoyi Lyu,2015,International Journal of Thermophysics,CN,"Changcheng Institute of Metrology and Measurement (CN, Beijing);Changcheng Institute of Metrology and Measurement (CN, Beijing);Changcheng Institute of Metrology and Measurement (CN, Beijing);Changcheng Institute of Metrology and Measurement (CN, Beijing)",FTIR,true,1.0,25.0,normal,thermocouple,electric heater,323.0,773.0,6,2026-08-02,10.1007/s10765-008-0442-9;10.1007/s10765-024-03393-5;10.1088/0026-1394/47/2/S14,
10.1007/s10765-016-2058-9,10.1007/s10765-016-2058-9,84961806383,Apparatus for Measuring Spectral Emissivity of Solid Materials at Elevated Temperatures,Dengfeng Ren;Hong Tan;Yimin Xuan;Yuge Han;Qiang Li,2016,International Journal of Thermophysics,CN,"Nanjing University of Science and Technology (CN, Nanjing);Nanjing University of Science and Technology (CN, Nanjing);Nanjing University of Science and Technology (CN, Nanjing);Nanjing University of Science and Technology (CN, Nanjing);Nanjing University of Science and Technology (CN, Nanjing)",FTIR;Bruker Vertex 80v,true,2.0,25.0,normal,pyrometer,electric heater,1073.0,1873.0,47,2026-08-02,10.1007/s10765-022-03129-3;10.1007/s10765-024-03393-5;10.1016/j.ijheatmasstransfer.2021.122092;10.1016/j.infrared.2018.06.031;10.1016/j.jqsrt.2022.108277;10.1063/5.0073459;10.1109/TIM.2023.3268656;10.1109/TIM.2024.3457934,10.1007/s10765-007-0183-1;10.1007/s10765-008-0442-9;10.1007/s10765-010-0847-0;10.1016/j.applthermaleng.2019.114854;10.1016/j.measurement.2007.10.007;10.1016/j.nme.2022.101182;10.1016/j.solener.2022.01.050;10.1117/12.542224;10.1117/12.560602;10.3390/ma12071141;10.3390/ma15010235
10.1007/s10765-016-2142-1,10.1007/s10765-016-2142-1,84993978542,Study on the Multi-wavelength Emissivity of GCr15 Steel and its Application on Temperature Measurement for Continuous Casting Billets,Peng Wang;Zhi Xie;Zhenwei Hu,2016,International Journal of Thermophysics,CN,"College of Information Science and Engineering, Northeastern University (CN, Shenyang);College of Information Science and Engineering, Northeastern University (CN, Shenyang);College of Information Science and Engineering, Northeastern University (CN, Shenyang)",fiber optic spectrometer;Ideaoptics FX4000,true,0.7,0.9,normal,thermocouple,electric furnace,1273.0,1373.0,23,2026-08-02,10.1007/s10765-021-02813-0;10.1016/j.ijheatmasstransfer.2012.02.055;10.1016/j.ijheatmasstransfer.2024.125975;10.1063/1.2393157;10.1109/TIM.2023.3268656;10.3390/app142210369,
10.1007/s10765-017-2339-y,10.1007/s10765-017-2339-y,85036480139,Improving the Dynamic Emissivity Measurement Above 1000 K by Extending the Spectral Range,D. Urban;S. Krenek;K. Anhalt;D. R. Taubert,2018,International Journal of Thermophysics,DE,"Physikalisch-Technische Bundesanstalt (DE, Braunschweig);Physikalisch-Technische Bundesanstalt (DE, Braunschweig);Physikalisch-Technische Bundesanstalt (DE, Braunschweig);Physikalisch-Technische Bundesanstalt (DE, Braunschweig)",array spectrometer,true,0.55,1.1,normal,pyrometer;calculated;iterative method,induction heating,,,7,2026-08-02,10.1007/s10765-015-1866-7;10.1088/1681-7575/ab84ff;10.1109/TIM.2024.3457934,10.1016/j.expthermflusci.2021.110379
10.1007/s10765-018-2404-1,10.1007/s10765-018-2404-1,85048260178,Research of Ultra-Black Coating Emissivity Based on a Controlling the Surrounding Radiation Method,J. Song;X. P. Hao;Z. D. Yuan;Z. L. Liu;L. Ding,2018,International Journal of Thermophysics,CN,"University of Chinese Academy of Sciences (CN, Beijing);National Institute of Metrology China (CN, Beijing);National Institute of Metrology China (CN, Beijing);National Institute of Metrology China (CN, Beijing);Shanghai Institute of Technical Physics Chinese Academy of Sciences (CN, Shanghai)",radiation thermometer,,,,normal,platinum resistance thermometer,not heated,300.0,300.0,36,2026-08-02,10.1016/j.jqsrt.2022.108277,10.3390/s25020487
10.1007/s10765-018-2472-2,10.1007/s10765-018-2472-2,85057220164,Measurement of Directional Spectral Emissivity at High Temperatures,Y. M. Guo;S. J. Pang;Z. J. Luo;Y. Shuai;H. P. Tan;H. Qi,2019,International Journal of Thermophysics,CN,"School of Energy Science and Engineering, Harbin Institute of Technology (CN, Harbin);School of Energy Science and Engineering, Harbin Institute of Technology (CN, Harbin);School of Energy Science and Engineering, Harbin Institute of Technology (CN, Harbin);School of Energy Science and Engineering, Harbin Institute of Technology (CN, Harbin);School of Energy Science and Engineering, Harbin Institute of Technology (CN, Harbin);School of Energy Science and Engineering, Harbin Institute of Technology (CN, Harbin)",FTIR;ThermoFisher Nicolet Is50,true,1.28,28.6,directional,thermocouple,electric heater,,1400.0,73,2026-08-02,10.1007/s10765-007-0183-1;10.1007/s10765-014-1745-7;10.1007/s10765-021-02813-0;10.1007/s10765-024-03393-5;10.1016/j.applthermaleng.2019.114854;10.1016/j.expthermflusci.2021.110379;10.1016/j.ijheatmasstransfer.2024.125975;10.1016/j.ijthermalsci.2024.109454;10.1016/j.ijthermalsci.2025.109809;10.1016/j.infrared.2019.102974;10.1016/j.infrared.2020.103572;10.1016/j.infrared.2022.104515;10.1016/j.infrared.2023.105060;10.1016/j.jqsrt.2022.108277;10.1088/1681-7575/ab84ff;10.1109/TIM.2023.3268656;10.1109/TIM.2024.3457934,10.1016/j.cap.2011.04.011;10.1016/j.ijthermalsci.2025.109740;10.1088/1674-1056/25/4/047801;10.1115/1.4006088
10.1007/s10765-021-02813-0,10.1007/s10765-021-02813-0,85103860156,An Apparatus for the Directional Spectral Emissivity Measurement in the Near Infrared Band,Kun Yu;Ruirui Tong;Kaihua Zhang;Yanlei Liu;Yufang Liu,2021,International Journal of Thermophysics,CN,"Henan Normal University (CN, Xinxiang);Henan Normal University (CN, Xinxiang);Henan Normal University (CN, Xinxiang);Henan Normal University (CN, Xinxiang);Henan Normal University (CN, Xinxiang)",optical fiber spectrometer;DWARF-Star NIR,true,0.87,1.7,directional,thermocouple,electric heater,823.0,1073.0,15,2026-08-02,10.1063/1.2393157;10.1109/TIM.2024.3457934,10.1007/s10765-008-0442-9;10.1007/s10765-013-1400-8;10.1007/s10765-014-1745-7;10.1007/s10765-016-2142-1;10.1007/s10765-018-2472-2;10.1007/s10765-024-03393-5;10.1016/j.applthermaleng.2016.11.022;10.1016/j.applthermaleng.2019.114854;10.1016/j.ijheatmasstransfer.2017.06.133;10.1016/j.ijthermalsci.2024.109454;10.1016/j.infrared.2015.10.001;10.1023/B:IJOT.0000028479.90667.8a;10.1063/1.5007225;10.1088/1674-1056/25/4/047801;10.3390/app142210369
10.1007/s10765-022-03129-3,10.1007/s10765-022-03129-3,85142269466,New Emissivity Measuring System with High Accuracy Under Controlled Environment Conditions,Kaihua Zhang;Qingqing Hu;Kun Yu;Yufang Liu,2023,International Journal of Thermophysics,CN,"Henan Normal University (CN, Xinxiang);Henan Normal University (CN, Xinxiang);Henan Normal University (CN, Xinxiang);Henan Normal University (CN, Xinxiang)",FTIR;Bruker Vertex 70v,true,2.0,20.0,directional,thermocouple,electric heater,673.0,1073.0,8,2026-08-02,10.1063/1.2393157,10.1007/s10765-007-0183-1;10.1007/s10765-008-0442-9;10.1007/s10765-010-0847-0;10.1007/s10765-016-2058-9;10.1016/j.applthermaleng.2019.114854;10.1016/j.ijheatmasstransfer.2017.06.133;10.1016/j.measurement.2024.115591;10.1088/0026-1394/47/2/S14;10.1088/0957-0233/25/9/095501;10.1088/1742-6596/13/1/015;10.1115/1.4006088;10.3390/app142210369
10.1007/s10765-024-03393-5,10.1007/s10765-024-03393-5,85196488168,Development of An Apparatus for the Directional Spectral Emissivity Measurement from 50 ? to 1000 ?,Z. Y. Liu;J. Song;K. Yu;J. J. Zhou;G. R. Guo;X. P. Hao,2024,International Journal of Thermophysics,CN,"Henan Normal University (CN, Xinxiang);National Institute of Metrology China (CN, Beijing);Henan Normal University (CN, Xinxiang);National Institute of Metrology China (CN, Beijing);Henan Normal University (CN, Xinxiang);National Institute of Metrology China (CN, Beijing)",FTIR;Bruker Invenio R,true,3.0,14.0,directional,thermocouple,electric heater,323.0,1273.0,7,2026-08-02,10.1007/s10765-021-02813-0;10.1016/j.infrared.2020.103572;10.1063/5.0073459,10.1007/s10765-007-0183-1;10.1007/s10765-013-1531-y;10.1007/s10765-014-1745-7;10.1007/s10765-015-1969-1;10.1007/s10765-016-2058-9;10.1007/s10765-018-2472-2;10.1016/j.ijheatmasstransfer.2017.06.133;10.3390/app142210369
10.1007/s10765-024-03433-0,10.1007/s10765-024-03433-0,85208542299,Black Body Cavity Apparatus for Measuring the Emissivity of Nickel-Titanium-Based Shape-Memory Alloys and Other Metals,Muhammad Ali Javed;Burkhard Maaß;Daniel Zipplies;Markus Richter,2024,International Journal of Thermophysics,DE,"Technische Universität Chemnitz (DE, Chemnitz);Ingpuls GmbH (DE, Bochum);Technische Universität Chemnitz (DE, Chemnitz);Technische Universität Chemnitz (DE, Chemnitz)",infrared camera;ImageIR 8380;InfraTec GmbH,,,,normal,platinum resistance thermometer,electric heater,308.0,425.0,7,2026-08-02,10.1063/1.2393157,
10.1007/s11018-012-0103-z,10.1007/s11018-012-0103-z,84872486760,The development of emissivity measurements under vacuum at the PTB,A. R. Adibekyan;C. Monte;M. Kehrt;S. P. Morozova;B. Gutschwager;J. Hollandt,2013,Measurement Techniques,DE,"Physikalisch-Technische Bundesanstalt (DE, Braunschweig);Physikalisch-Technische Bundesanstalt (DE, Braunschweig);Physikalisch-Technische Bundesanstalt (DE, Braunschweig);All-Russian Research Institute for Optical and Physical Measurements (RU, Moscow);Physikalisch-Technische Bundesanstalt (DE, Braunschweig);Physikalisch-Technische Bundesanstalt (DE, Braunschweig)",FTIR,,,,,,electric heater,,,4,2026-08-02,10.1007/s10765-008-0442-9;10.1007/s10765-014-1745-7;10.1016/j.jqsrt.2022.108277;10.1088/0026-1394/47/2/S14;10.3390/ma12071141,scopus_77957053134
10.1016/0020-0891(79)90060-5,10.1016/0020-0891(79)90060-5,18506862,Spectral emissivity and absorption coefficient of silica glass at extremely high temperatures in the semitransparent region,A. V. Dvurechensky;V. A. Petrov;V. Yu Reznik,1979,Infrared Physics,RU,"Joint Institute for High Temperatures of the Russian Academy of Sciences (RU, Moscow);Joint Institute for High Temperatures of the Russian Academy of Sciences (RU, Moscow);Joint Institute for High Temperatures of the Russian Academy of Sciences (RU, Moscow)",spectrometer,true,2.0,5.0,,pyrometer;christiansen,induction heating,,,27,2026-08-02,,
10.1016/S1350-4495(96)00017-5,10.1016/S1350-4495(96)00017-5,30311693,Total emissivity measurements without use of an absolute reference,D. Especel;S. Matteï,1996,Infrared Physics and Technology,FR,"Université Paris-Est Créteil Val de Marne (FR, Creteil);Université Paris-Est Créteil Val de Marne (FR, Creteil)",pyroelectric detector,false,,,normal,thermocouple,electric heater,,,35,2026-08-02,,
10.1016/S1350-4495(98)00011-5,10.1016/S1350-4495(98)00011-5,32094231,"High-temperature infrared properties of sapphire, AlON, fused silica, yttria, and spinel",Raymond M. Sova;Milton J. Linevsky;Michael E. Thomas;Frank F. Mark,1998,Infrared Physics and Technology,US,"Johns Hopkins University Applied Physics Laboratory (US, Laurel);Johns Hopkins University Applied Physics Laboratory (US, Laurel);Johns Hopkins University Applied Physics Laboratory (US, Laurel);Johns Hopkins University Applied Physics Laboratory (US, Laurel)",FTIR;Bomem DA 3.02,true,2.0,20.0,normal,thermocouple;pyrometer;christiansen,laser,,,109,2026-08-02,,
10.1016/j.applthermaleng.2009.12.005,10.1016/j.applthermaleng.2009.12.005,76449115213,Measurements of brake disc surface temperature and emissivity by two-color pyrometry,Jean Thevenet;Monica Siroux;Bernard Desmet,2010,Applied Thermal Engineering,FR,"Université de Lille (FR, Lille);Université de Lille (FR, Lille);Université de Lille (FR, Lille)",pyrometer two-color,,,,normal,pyrometer,,,,94,2026-08-02,10.1088/1674-1056/25/4/047801,
10.1016/j.applthermaleng.2016.11.022,10.1016/j.applthermaleng.2016.11.022,84994662907,Normal spectral emissivity of GH536 (HastelloyX) in three surface conditions,Bo Kong;Ting Li;Qitai Eri,2017,Applied Thermal Engineering,CN,"Beihang University (CN, Beijing);Beihang University (CN, Beijing);Beihang University (CN, Beijing)",FTIR;Nicolet iS-50,true,0.9,26.0,normal,thermocouple,electric heater,400.0,1200.0,53,2026-08-02,10.1007/s10765-021-02813-0;10.1016/j.ijheatmasstransfer.2021.122092;10.1016/j.ijthermalsci.2025.109809;10.1016/j.infrared.2020.103572;10.1088/1681-7575/ab84ff;10.1109/TIM.2023.3268656;10.1109/TIM.2024.3457934,
10.1016/j.applthermaleng.2019.114854,10.1016/j.applthermaleng.2019.114854,85077207308,Modified two-temperature calibration method for emissivity measurements at high temperatures,Kaihua Zhang;Yufang Liu,2020,Applied Thermal Engineering,CN,"Henan Normal University (CN, Xinxiang);Henan Normal University (CN, Xinxiang)",FTIR;Bruker Vertex 70v,true,2.0,25.0,normal,thermocouple,electric heater,673.0,1473.0,31,2026-08-02,10.1007/s10765-007-0183-1;10.1007/s10765-013-1531-y;10.1007/s10765-016-2058-9;10.1007/s10765-021-02813-0;10.1007/s10765-022-03129-3;10.1016/j.ijheatmasstransfer.2017.06.133;10.1016/j.ijthermalsci.2024.109454;10.1016/j.ijthermalsci.2025.109809;10.1016/j.infrared.2018.06.031;10.1016/j.jqsrt.2022.108277;10.1016/j.measurement.2023.113999;10.1063/1.2393157;10.1088/0026-1394/47/2/S14;10.1088/0957-0233/25/9/095501;10.1109/TIM.2024.3457934,10.1007/s10765-010-0847-0;10.1007/s10765-018-2472-2;10.1088/1742-6596/13/1/015;10.1364/AO.54.008700
10.1016/j.applthermaleng.2025.127648,10.1016/j.applthermaleng.2025.127648,105011511693,Emissivity measurement device for manufactured parts based on induction heating,Yingying Li;Longfei Li;Kun Yu;Yanlei Liu;Yufang Liu,2025,Applied Thermal Engineering,CN,"Henan Normal University (CN, Xinxiang);Henan Normal University (CN, Xinxiang);Henan Normal University (CN, Xinxiang);Henan Normal University (CN, Xinxiang);Henan Normal University (CN, Xinxiang)",fiber optic spectrometer;NIRQuest512-2.5,true,1.4,2.5,normal,thermocouple,induction heating,973.0,1273.0,2,2026-08-02,10.1016/j.infrared.2015.10.001;10.1063/1.5007225;10.1109/TIM.2019.2944504;10.3390/s21186252,10.1007/s10765-015-1866-7;10.1016/j.expthermflusci.2021.110379;10.1016/j.ijheatmasstransfer.2021.122092;10.1016/j.measurement.2007.10.007
10.1016/j.cap.2011.04.011,10.1016/j.cap.2011.04.011,80052264533,Microstructure and infrared emissivity property of coating containing TiO2 formed on titanium alloy by microarc oxidation,Z. W. Wang;Y. M. Wang;Y. Liu;J. L. Xu;L. X. Guo;Y. Zhou;J. H. Ouyang;J. M. Dai,2011,Current Applied Physics,CN,"Harbin Institute of Technology (CN, Harbin);Harbin Institute of Technology (CN, Harbin);Jilin University (CN, Changchun);Shanghai Spaceflight Precision Machinery Institute (CN, Shanghai);Harbin Institute of Technology (CN, Harbin);Harbin Institute of Technology (CN, Harbin);Harbin Institute of Technology (CN, Harbin);Harbin Institute of Technology (CN, Harbin)",FTIR;JASCO FT/IR-6100,true,3.0,20.0,normal,pyrometer,electric heater,,973.0,80,2026-08-02,10.1007/s10765-018-2472-2;10.1063/5.0073459,
10.1016/j.cryogenics.2023.103671,10.1016/j.cryogenics.2023.103671,85151346308,Preliminary development of emissivity measurement system at low temperature based on radiometric method,Yuchen Zhao;Xu Li;Hengcheng Zhang;Fuzhi Shen;Chuanjun Huang;Huiming Liu;Haoying Qi;Zichun Huang;Zhen Geng;Jijun Xin;Wei Wang;Laifeng Li,2023,Cryogenics,CN,"Technical Institute of Physics and Chemistry Chinese Academy of Sciences (CN, Beijing);National University of Defense Technology China (CN, Changsha);Technical Institute of Physics and Chemistry Chinese Academy of Sciences (CN, Beijing);Technical Institute of Physics and Chemistry Chinese Academy of Sciences (CN, Beijing);Technical Institute of Physics and Chemistry Chinese Academy of Sciences (CN, Beijing);Technical Institute of Physics and Chemistry Chinese Academy of Sciences (CN, Beijing);Technical Institute of Physics and Chemistry Chinese Academy of Sciences (CN, Beijing);Technical Institute of Physics and Chemistry Chinese Academy of Sciences (CN, Beijing);Technical Institute of Physics and Chemistry Chinese Academy of Sciences (CN, Beijing);Songshan Lake Materials Laboratory (CN, Dongguan);Songshan Lake Materials Laboratory (CN, Dongguan);Technical Institute of Physics and Chemistry Chinese Academy of Sciences (CN, Beijing)",MCT detector;VIGO PVM-10.6,true,2.0,12.0,normal,resistance thermometer,cryocooler,240.0,300.0,7,2026-08-02,10.1088/0026-1394/49/6/737,
10.1016/j.expthermflusci.2019.110017,10.1016/j.expthermflusci.2019.110017,85076093378,Spectral emissivity and temperature of heated surfaces based on spectrometry and digital thermal imaging – Validation with thermocouple temperature measurements,Weijie Yan;Aidin Panahi;Yiannis A. Levendis,2020,Experimental Thermal and Fluid Science,US,"China University of Mining and Technology (CN, Xuzhou);College of Engineering (US, Boston);College of Engineering (US, Boston)",fiber optic spectrometer;Avantes AvaSpec-ULS2048-USB2,true,0.5,1.0,normal,thermocouple;calculated,bunsen burner,1273.0,1673.0,53,2026-08-02,10.1016/s0031-8914(54)80182-0;10.1063/1.5007225;10.1109/TIM.2023.3268656,10.1016/j.icheatmasstransfer.2024.107695;10.1016/j.proci.2010.07.042;10.1364/OE.547412
10.1016/j.expthermflusci.2021.110379,10.1016/j.expthermflusci.2021.110379,85102104413,Accuracy improvement for directional polarized spectral emissivity measurement in the wavelength range of 4–20 ?m,Longfei Li;Kun Yu;Kaihua Zhang;Yanlei Liu;Feng Zhang;Yufang Liu,2021,Experimental Thermal and Fluid Science,CN,"Henan Normal University (CN, Xinxiang);Henan Normal University (CN, Xinxiang);Henan Normal University (CN, Xinxiang);Henan Normal University (CN, Xinxiang);Henan Institute of Technology (CN, Xinxiang);Henan Normal University (CN, Xinxiang)",FTIR;Bruker Vertex 70v,true,4.0,20.0,directional,thermocouple,electric heater,,,17,2026-08-02,10.1007/s10765-013-1531-y;10.1007/s10765-017-2339-y;10.1016/j.applthermaleng.2025.127648;10.1016/j.ijheatmasstransfer.2017.06.133;10.1016/j.ijthermalsci.2024.109454;10.1016/j.ijthermalsci.2025.109809;10.1016/j.infrared.2018.06.031;10.1016/j.infrared.2022.104515;10.1063/1.2393157;10.1063/1.5007225;10.1063/5.0073459;10.1088/0026-1394/47/2/S14;10.1088/0957-0233/25/9/095501;10.1109/TIM.2023.3268656,10.1007/s10765-013-1400-8;10.1007/s10765-014-1745-7;10.1007/s10765-018-2472-2;10.1016/j.ijheatmasstransfer.2015.07.064;10.1016/j.measurement.2016.04.006;10.1063/1.4819635;10.1088/1742-6596/13/1/015
10.1016/j.fuproc.2020.106423,10.1016/j.fuproc.2020.106423,85082417368,"Temperature and emissivity measurements from combustion of pine wood, rice husk and fir wood using flame emission spectrum",Shu Zheng;Yu Yang;Xinyu Li;Huawei Liu;Weijie Yan;Ran Sui;Qiang Lu,2020,Fuel Processing Technology,CN,"North China Electric Power University (CN, Beijing);North China Electric Power University (CN, Beijing);North China Electric Power University (CN, Beijing);North China Electric Power University (CN, Beijing);China University of Mining and Technology (CN, Xuzhou);School of Engineering and Applied Science (US, Princeton);North China Electric Power University (CN, Beijing)",fiber optic spectrometer;Avantes AvaSpec-Mini2048CL,true,0.36,1.1,normal,thermocouple;calculated,combustion furnace,,,70,2026-08-02,10.1016/j.ijthermalsci.2024.109454;10.1109/TIM.2023.3268656,
10.1016/j.icheatmasstransfer.2024.107695,10.1016/j.icheatmasstransfer.2024.107695,85195851813,Development of a micro-infrared thermometry method for surface temperature distribution and variation of millimeter particle during high-temperature reaction,Haigang Zhang;Zhongjie Shen;Jianliang Xu;Qinfeng Liang;Zhenghua Dai;Jianhong Gong;Haifeng Liu,2024,International Communications in Heat and Mass Transfer,CN,"East China University of Science and Technology (CN, Shanghai);East China University of Science and Technology (CN, Shanghai);East China University of Science and Technology (CN, Shanghai);East China University of Science and Technology (CN, Shanghai);East China University of Science and Technology (CN, Shanghai);Research Institute of Petroleum Processing (CN, Beijing);East China University of Science and Technology (CN, Shanghai)",infrared camera;FLIR A615,true,7.5,14.0,normal,thermocouple;calculated,electric heater,,,2,2026-08-02,10.1016/j.expthermflusci.2019.110017,
10.1016/j.ijheatmasstransfer.2004.10.003,10.1016/j.ijheatmasstransfer.2004.10.003,13644270642,Emissivity characteristics of polished aluminum alloy surfaces and assessment of multispectral radiation thermometry (MRT) emissivity models,Chang Da Wen;Issam Mudawar,2005,International Journal of Heat and Mass Transfer,US,"College of Engineering (US, West Lafayette);College of Engineering (US, West Lafayette)",Fast infrared array spectrometer (FIAS);Spectraline Model ES100,true,1.8,4.9,,thermocouple,electric heater,,,126,2026-08-02,10.1016/j.ijheatmasstransfer.2012.02.055;10.1016/j.ijheatmasstransfer.2015.07.064;10.1016/j.ijheatmasstransfer.2021.122092;10.1088/0022-3727/42/15/155412;10.1109/TIM.2019.2944504,10.1016/j.measurement.2016.04.006;10.1088/1361-6501/ab5e9b
10.1016/j.ijheatmasstransfer.2012.02.055,10.1016/j.ijheatmasstransfer.2012.02.055,84859403657,A new experimental apparatus for measurement of spectral emissivity of opaque materials using a reflector as the dummy light source,Deheng Shi;Yufang Liu;Jinfeng Sun;Zuelue Zhu;Hui Liu,2012,International Journal of Heat and Mass Transfer,CN,"Henan Normal University (CN, Xinxiang);Henan Normal University (CN, Xinxiang);Henan Normal University (CN, Xinxiang);Henan Normal University (CN, Xinxiang);Xinyang Normal University (CN, Xinyang)",pyrometer,true,1.5,1.5,,thermocouple,electric heater,700.0,1200.0,17,2026-08-02,10.1016/j.ijheatmasstransfer.2021.122092;10.1063/1.2393157,10.1007/s10765-007-0183-1;10.1007/s10765-016-2142-1;10.1016/j.ijheatmasstransfer.2004.10.003;10.1016/j.ijheatmasstransfer.2015.07.064;10.1016/j.infrared.2019.102974;10.1023/A:1012817726103;10.1023/A:1013103419949;10.1088/1674-1056/25/4/047801
10.1016/j.ijheatmasstransfer.2015.07.064,10.1016/j.ijheatmasstransfer.2015.07.064,84938632764,Measurements of the directional spectral emissivity based on a radiation heating source with alternating spectral distributions,Tairan Fu;Minghao Duan;Jiaqi Tang;Congling Shi,2015,International Journal of Heat and Mass Transfer,CN,"Key Laboratory for Thermal Science and Power Engineering of Ministry of Education (CN, Beijing);Key Laboratory for Thermal Science and Power Engineering of Ministry of Education (CN, Beijing);Key Laboratory for Thermal Science and Power Engineering of Ministry of Education (CN, Beijing);China Academy of Safety Science and Technology (CN, Beijing)",spectrometer (NIR),true,1.15,1.6,normal,calculated,electric heater (lamps),,,42,2026-08-02,10.1007/s10765-007-0183-1;10.1007/s10765-008-0442-9;10.1016/j.expthermflusci.2021.110379;10.1016/j.ijheatmasstransfer.2012.02.055;10.1016/j.ijheatmasstransfer.2021.122092;10.1016/j.infrared.2022.104515;10.1016/j.infrared.2023.105060;10.1016/j.solener.2022.01.050;10.1063/1.2393157;10.1063/1.5007225;10.1088/0026-1394/47/2/S14;10.1117/12.2208334;10.1117/12.560602,10.1016/j.ijheatmasstransfer.2004.10.003;10.1016/j.matlet.2011.01.067;10.1063/1.5116425;10.1088/1361-6501/ab5e9b;10.1088/1742-6596/13/1/015;10.1117/12.542224;10.1364/AO.54.008700
10.1016/j.ijheatmasstransfer.2017.06.133,10.1016/j.ijheatmasstransfer.2017.06.133,85021801640,An improved algorithm for spectral emissivity measurements at low temperatures based on the multi-temperature calibration method,Kaihua Zhang;Kun Yu;Yufang Liu;Yuejin Zhao,2017,International Journal of Heat and Mass Transfer,CN,"School of Optics and Photonics, Beijing Institute of Technology (CN, Beijing);Henan Normal University (CN, Xinxiang);School of Optics and Photonics, Beijing Institute of Technology (CN, Beijing);School of Optics and Photonics, Beijing Institute of Technology (CN, Beijing)",FTIR;Bruker Vertex 70v,true,5.0,20.0,normal,platinum resistance thermometer;calculated,electric heater,323.0,373.0,53,2026-08-02,10.1007/s10765-021-02813-0;10.1007/s10765-022-03129-3;10.1007/s10765-024-03393-5;10.1016/j.ijthermalsci.2025.109809;10.1016/j.infrared.2018.06.031;10.1016/j.jqsrt.2022.108277;10.1016/j.measurement.2023.113999;10.1063/1.2393157;10.1088/0957-0233/25/9/095501;10.1088/1681-7575/ab84ff;10.1109/TIM.2023.3268656;10.1109/TIM.2024.3457934,10.1007/s10765-007-0183-1;10.1007/s10765-008-0442-9;10.1007/s10765-010-0847-0;10.1016/j.applthermaleng.2019.114854;10.1016/j.expthermflusci.2021.110379;10.1016/j.infrared.2022.104515;10.1023/A:1012817726103;10.1023/B:IJOT.0000028479.90667.8a;10.1088/1742-6596/13/1/015;10.1117/12.542224
10.1016/j.ijheatmasstransfer.2021.122092,10.1016/j.ijheatmasstransfer.2021.122092,85117245856,"Measurements of spectral emissivity, reflectance and transmittance at high temperatures using laser heating and auxiliary light source",Jiazhou Li;Yang Huang;Lin Fu;Tairan Fu;Jiansheng Zhang,2022,International Journal of Heat and Mass Transfer,CN,"Tsinghua University (CN, Beijing);Tsinghua University (CN, Beijing);Tsinghua University (CN, Beijing);Tsinghua University (CN, Beijing);Tsinghua University (CN, Beijing)",FTIR;Bruker Vertex 70v,true,2.0,16.0,normal,pyrometer,laser;500W,,,26,2026-08-02,10.1016/j.applthermaleng.2025.127648;10.1016/j.ijheatmasstransfer.2024.125975;10.1016/j.ijthermalsci.2025.109809;10.1016/j.infrared.2020.103572;10.1016/j.solener.2022.01.050;10.1063/1.2393157,10.1007/s10765-007-0183-1;10.1007/s10765-008-0442-9;10.1007/s10765-011-0986-y;10.1007/s10765-016-2058-9;10.1016/j.applthermaleng.2016.11.022;10.1016/j.ijheatmasstransfer.2004.10.003;10.1016/j.ijheatmasstransfer.2012.02.055;10.1016/j.ijheatmasstransfer.2015.07.064;10.1016/j.infrared.2015.01.011;10.1016/j.matlet.2011.01.067;10.1088/0026-1394/47/2/S14;10.1088/0957-0233/25/9/095501;10.1088/1742-6596/13/1/015
10.1016/j.ijheatmasstransfer.2024.125975,10.1016/j.ijheatmasstransfer.2024.125975,85199144175,Approaching the emissivity of CMAS at high temperatures by convenient thermocouple-based infrared thermography,Yiwen Lv;Junjun Wu;Wenze Yang;Yuhao Xiang;Hong Wang;Xun Zhu;Qiang Liao,2024,International Journal of Heat and Mass Transfer,CN,"Chongqing University (CN, Chongqing);Chongqing University (CN, Chongqing);Chongqing University (CN, Chongqing);Chongqing University (CN, Chongqing);Chongqing University (CN, Chongqing);Chongqing University (CN, Chongqing);Chongqing University (CN, Chongqing)",infrared camera;FLIR A6703sc,,,,normal,thermocouple;DHTT,thermocouple;DHTT,1073.0,1773.0,9,2026-08-02,10.1007/s10765-015-1866-7,10.1007/s10765-016-2142-1;10.1007/s10765-018-2472-2;10.1016/j.ijheatmasstransfer.2021.122092;10.1016/j.jqsrt.2020.107316
10.1016/j.ijthermalsci.2017.01.016,10.1016/j.ijthermalsci.2017.01.016,85010868657,A refined methodology to determine the spatial and temporal variation in the emissivity of diffusion flames,Vinay C. Raj;S. V. Prabhu,2017,International Journal of Thermal Sciences,IN,"Indian Institute of Technology Bombay (IN, Mumbai);Indian Institute of Technology Bombay (IN, Mumbai)",infrared camera;VisIR 640,,,,normal,calculated,combustion furnace,,,23,2026-08-02,,
10.1016/j.ijthermalsci.2024.109454,10.1016/j.ijthermalsci.2024.109454,85205324239,A directional spectral emissivity measurement device with built-in calibration radiation source,Yang Wang;Jingmin Dai;Yufeng Zhang,2025,International Journal of Thermal Sciences,CN,"School of Instrumentation Science and Engineering, Harbin Institute of Technology (CN, Harbin);School of Instrumentation Science and Engineering, Harbin Institute of Technology (CN, Harbin);Bohai University (CN, Jinzhou)",FTIR,true,2.0,14.0,directional,thermocouple,electric heater,473.0,1473.0,3,2026-08-02,10.1007/s10765-021-02813-0;10.1016/j.infrared.2015.01.011;10.1016/j.nme.2022.101182,10.1007/s10765-018-2472-2;10.1016/j.applthermaleng.2019.114854;10.1016/j.expthermflusci.2021.110379;10.1016/j.fuproc.2020.106423;10.1016/j.infrared.2023.105060;10.1088/0026-1394/47/2/S14;10.1088/1361-6501/ab5e9b;10.1088/1681-7575/ab84ff
10.1016/j.ijthermalsci.2025.109740,10.1016/j.ijthermalsci.2025.109740,85215864285,A high precision infrared emissivity measurement method for micro/nano structures,Yinxue Bai;Gangquan Wang;Yue Liu;Longfei Li;Kaihua Zhang;Baolin Zhao;Yufang Liu;Kun Yu,2025,International Journal of Thermal Sciences,CN,"Henan Normal University (CN, Xinxiang);Henan Normal University (CN, Xinxiang);Henan Normal University (CN, Xinxiang);Henan Normal University (CN, Xinxiang);Henan Normal University (CN, Xinxiang);Henan Normal University (CN, Xinxiang);Henan Normal University (CN, Xinxiang);Henan Normal University (CN, Xinxiang)",FTIR;Bruker Vertex 70v,true,3.0,15.0,normal,,electric heater,323.0,1073.0,3,2026-08-02,10.1007/s10765-018-2472-2;10.1063/1.2393157;10.1364/AO.54.008700,
10.1016/j.ijthermalsci.2025.109809,10.1016/j.ijthermalsci.2025.109809,85218338258,Experimental apparatus for radiation characteristics of semi-transparent materials at high temperature:A direct radiometric method,Yanfen Xu;Kaihua Zhang;Longfei Li;Kun Yu;Yufang Liu,2025,International Journal of Thermal Sciences,CN,"Henan Normal University (CN, Xinxiang);Henan Normal University (CN, Xinxiang);Henan Normal University (CN, Xinxiang);Henan Normal University (CN, Xinxiang);Henan Normal University (CN, Xinxiang)",FTIR;Bruker Vertex 70v,true,3.0,12.0,normal,S type;simulated,electric heater,473.0,1473.0,1,2026-08-02,10.3390/s21186252,10.1007/s10765-007-0183-1;10.1007/s10765-018-2472-2;10.1016/j.applthermaleng.2016.11.022;10.1016/j.applthermaleng.2019.114854;10.1016/j.expthermflusci.2021.110379;10.1016/j.ijheatmasstransfer.2017.06.133;10.1016/j.ijheatmasstransfer.2021.122092;10.1016/j.jqsrt.2020.107316;10.1088/1674-1056/25/4/047801;10.1115/1.4006088
10.1016/j.ijthermalsci.2025.110629,10.1016/j.ijthermalsci.2025.110629,105025974669,Research on directional emissivity measurement system based on finite detection solid angle analysis method,Zhiying Chen;Yanlei Liu;Longfei Li;Zhihao Yuan;Kun Yu;Yufang Liu,2026,International Journal of Thermal Sciences,CN,"Henan Normal University (CN, Xinxiang);Henan Normal University (CN, Xinxiang);Henan Normal University (CN, Xinxiang);Henan Normal University (CN, Xinxiang);Henan Normal University (CN, Xinxiang);Henan Normal University (CN, Xinxiang)",spectrometer;Zolix Omin-3007i,true,0.8,2.5,directional,,electric heater,673.0,1073.0,2,2026-08-02,,10.1007/s10765-013-1400-8;10.1063/1.4819635;10.1088/1742-6596/13/1/015
10.1016/j.infrared.2014.07.004,10.1016/j.infrared.2014.07.004,84905240215,Spectral emissivity modeling of steel 201 during the growth of oxidation film over the temperature range from 800 to 1100 K in air,Deheng Shi;Fenghui Zou;Shuai Wang;Zunlue Zhu;Jinfeng Sun;Baokui Wang,2014,Infrared Physics and Technology,CN,"Henan Normal University (CN, Xinxiang);Henan Normal University (CN, Xinxiang);Henan Normal University (CN, Xinxiang);Henan Normal University (CN, Xinxiang);Henan Normal University (CN, Xinxiang);Ltd. (CN, Wuhan)",InGaAs photodiode,true,0.8,1.1,normal,thermocouple,electric heater,,1200.0,14,2026-08-02,10.1016/j.measurement.2016.01.018;10.1063/1.2393157,
10.1016/j.infrared.2015.01.011,10.1016/j.infrared.2015.01.011,84922496652,Apparatus for measuring the emittance of materials from far infrared to visible wavelengths in extreme conditions of temperature,D. De Sousa Meneses;P. Melin;L. Del Campo;L. Cosson;P. Echegut,2015,Infrared Physics and Technology,FR,"Université d'Orléans (FR, Orleans);Université d'Orléans (FR, Orleans);Université d'Orléans (FR, Orleans);Université d'Orléans (FR, Orleans);Université d'Orléans (FR, Orleans)",FTIR;Bruker Vertex 70;Bruker Vertex 80v,true,0.55,500.0,normal,calculated,laser;500W,,2500.0,55,2026-08-02,10.1016/j.ijheatmasstransfer.2021.122092;10.1063/1.2393157,10.1007/s10765-007-0183-1;10.1007/s10765-013-1400-8;10.1016/j.ijthermalsci.2024.109454;10.1016/j.infrared.2023.105060;10.1063/1.5116425;10.1088/0957-0233/25/9/095501;10.1088/1681-7575/ab84ff;10.1088/1742-6596/13/1/015
10.1016/j.infrared.2015.10.001,10.1016/j.infrared.2015.10.001,84945306297,An emissivity measurement apparatus for near infrared spectrum,Feng Zhang;Kun Yu;Kaihua Zhang;Yanlei Liu;Kaipin Xu;Yufang Liu,2015,Infrared Physics and Technology,CN,"School of Optics and Photonics, Beijing Institute of Technology (CN, Beijing);School of Optics and Photonics, Beijing Institute of Technology (CN, Beijing);Henan Normal University (CN, Xinxiang);School of Optics and Photonics, Beijing Institute of Technology (CN, Beijing);Henan Normal University (CN, Xinxiang);School of Optics and Photonics, Beijing Institute of Technology (CN, Beijing)",InGaAs detector with filter with locking anplifier,true,0.8,2.2,normal,thermocouple,electric heater,473.0,1273.0,30,2026-08-02,10.1007/s10765-021-02813-0;10.1063/1.2393157;10.1109/TIM.2023.3268656;10.1109/TIM.2024.3457934,10.1007/s10765-013-1400-8;10.1007/s10765-013-1531-y;10.1016/j.applthermaleng.2025.127648;10.1016/j.measurement.2007.10.007;10.1016/j.nme.2022.101182;10.1023/B:IJOT.0000028479.90667.8a;10.1063/1.5116425;10.1088/1681-7575/ab84ff;10.1117/12.542224;10.3390/ma12071141
10.1016/j.infrared.2018.06.031,10.1016/j.infrared.2018.06.031,85049329823,Development of experimental apparatus for precise emissivity determination based on the improved method compensating disturbances by background radiation,Kaihua Zhang;Yuejin Zhao;Kun Yu;Yufang Liu,2018,Infrared Physics and Technology,CN,"Beijing Institute of Technology (CN, Beijing);Beijing Institute of Technology (CN, Beijing);Henan Normal University (CN, Xinxiang);Beijing Institute of Technology (CN, Beijing)",FTIR,true,5.0,20.0,normal,thermocouple;calculated;heat flux,electric heater,373.0,673.0,18,2026-08-02,10.1016/j.jqsrt.2022.108277;10.1063/5.0073459;10.1109/TIM.2023.3268656,10.1007/s10765-007-0183-1;10.1007/s10765-010-0847-0;10.1007/s10765-016-2058-9;10.1016/j.applthermaleng.2019.114854;10.1016/j.expthermflusci.2021.110379;10.1016/j.ijheatmasstransfer.2017.06.133;10.1063/1.2393157;10.1088/0957-0233/25/9/095501;10.1088/1681-7575/ab84ff;10.1088/1742-6596/13/1/015;10.1117/12.542224
10.1016/j.infrared.2019.102974,10.1016/j.infrared.2019.102974,85070521593,An in situ online methodology for emissivity measurement between 100?°C and 500?°C utilizing infrared sensor,Xi Chen;Lin Ye;Zhixing Zhu;Kang Gui;H. Zhang,2019,Infrared Physics and Technology,CN,"Huazhong University of Science and Technology (CN, Wuhan);Huazhong University of Science and Technology (CN, Wuhan);Huazhong University of Science and Technology (CN, Wuhan);Huazhong University of Science and Technology (CN, Wuhan);Huazhong University of Science and Technology (CN, Wuhan)",thermoelectric;RM-6A,false,,,hemispherical,thermocouple,electric heater,373.0,773.0,4,2026-08-02,10.1016/j.ijheatmasstransfer.2012.02.055;10.1063/1.2393157,10.1007/s10765-010-0847-0;10.1007/s10765-011-0986-y;10.1007/s10765-018-2472-2;10.1016/j.measurement.2016.01.018
10.1016/j.infrared.2020.103572,10.1016/j.infrared.2020.103572,85096482827,A new experimental apparatus for polarized spectral emissivity measurement in a controlled environment,Kun Yu;Gangquan Wang;Longfei Li;Kaihua Zhang;Yufang Liu,2020,Infrared Physics and Technology,CN,"Henan Normal University (CN, Xinxiang);Henan Normal University (CN, Xinxiang);Henan Normal University (CN, Xinxiang);Henan Normal University (CN, Xinxiang);Henan Normal University (CN, Xinxiang)",InGaAs detector;filter spectrometer,true,1.2,1.6,directional,thermocouple,electric heater,,1073.0,10,2026-08-02,10.1063/1.2393157;10.1063/5.0073459,10.1007/s10765-018-2472-2;10.1007/s10765-024-03393-5;10.1016/j.applthermaleng.2016.11.022;10.1016/j.ijheatmasstransfer.2021.122092;10.1063/1.5007225;10.1088/0026-1394/47/2/S14
10.1016/j.infrared.2022.104515,10.1016/j.infrared.2022.104515,85144602495,Improving the measurement accuracy of directional spectral emissivity at large emission zenith angle by surface temperature correction,Weilong Wang;Longfei Li;Kun Yu;Kaihua Zhang;Wenyue Ruan;Qianjin Zhu;Yufang Liu,2023,Infrared Physics and Technology,CN,"Henan Normal University (CN, Xinxiang);Henan Normal University (CN, Xinxiang);Henan Normal University (CN, Xinxiang);Henan Normal University (CN, Xinxiang);Henan Normal University (CN, Xinxiang);Henan Normal University (CN, Xinxiang);Henan Normal University (CN, Xinxiang)",FTIR;Bruker Vertex 70v,true,4.0,20.0,directional,thermocouple;calculated,electric heater,,,9,2026-08-02,10.1007/s10765-007-0183-1;10.1007/s10765-008-0442-9;10.1016/j.ijheatmasstransfer.2017.06.133;10.1063/1.2393157;10.1088/0026-1394/47/2/S14;10.1088/0957-0233/25/9/095501;10.1088/1742-6596/395/1/012152;10.1117/12.560602,10.1007/s10765-018-2472-2;10.1016/j.expthermflusci.2021.110379;10.1016/j.ijheatmasstransfer.2015.07.064;10.1016/j.measurement.2016.01.018;10.1023/B:IJOT.0000028479.90667.8a;10.1063/1.115104;10.1063/1.4819635;10.1088/1674-1056/25/4/047801
10.1016/j.infrared.2023.105060,10.1016/j.infrared.2023.105060,85181145439,A multispectral radiometry method for measuring the normal spectral emissivity and temperature,Jia Qi Li;Xin Lin Xia;Chuang Sun;Xue Chen;Qin Yang Wang,2024,Infrared Physics and Technology,CN,"School of Energy Science and Engineering, Harbin Institute of Technology (CN, Harbin);School of Energy Science and Engineering, Harbin Institute of Technology (CN, Harbin);School of Energy Science and Engineering, Harbin Institute of Technology (CN, Harbin);School of Energy Science and Engineering, Harbin Institute of Technology (CN, Harbin);School of Energy Science and Engineering, Harbin Institute of Technology (CN, Harbin)",Spectrometer;analytical spectral devices,true,0.3,2.5,normal,Thermocouple;thermal imager,,1473.0,1873.0,10,2026-08-02,10.1007/s10765-015-1866-7;10.1016/j.ijthermalsci.2024.109454;10.1016/j.infrared.2015.01.011;10.1063/1.2393157;10.1088/0026-1394/47/2/S14,10.1007/s10765-007-0183-1;10.1007/s10765-014-1745-7;10.1007/s10765-018-2472-2;10.1016/j.ijheatmasstransfer.2015.07.064;10.1016/j.jqsrt.2020.107316;10.1063/1.4819635;10.1088/1742-6596/13/1/015
10.1016/j.jqsrt.2020.107316,10.1016/j.jqsrt.2020.107316,85093662020,Apparent emissivity measurement of semi-transparent materials part 1: Experimental realization,Julian Gieseler;Albert Adibekyan;Christian Monte;Jörg Hollandt,2020,Journal of Quantitative Spectroscopy and Radiative Transfer,DE,"Physikalisch-Technische Bundesanstalt (DE, Braunschweig);Physikalisch-Technische Bundesanstalt (DE, Braunschweig);Physikalisch-Technische Bundesanstalt (DE, Braunschweig);Physikalisch-Technische Bundesanstalt (DE, Braunschweig)",FTIR;Bruker Vertex 80v,true,4.5,20.0,directional,pt100;calculated,circulating water,293.0,363.0,9,2026-08-02,10.1007/s10765-008-0442-9;10.1007/s10765-014-1745-7;10.1016/j.ijheatmasstransfer.2024.125975;10.1016/j.ijthermalsci.2025.109809;10.1016/j.infrared.2023.105060,scopus_77957053134
10.1016/j.jqsrt.2022.108277,10.1016/j.jqsrt.2022.108277,85131362357,A new approach for accurately measuring the spectral emissivity via modulating the surrounding radiation,Kaihua Zhang;Yanfen Xu;Xiaohu Wu;Kun Yu;Yufang Liu,2022,Journal of Quantitative Spectroscopy and Radiative Transfer,CN,"Henan Normal University (CN, Xinxiang);Henan Normal University (CN, Xinxiang);Shandong Institute of Advanced Technology (CN, Jinan);Henan Normal University (CN, Xinxiang);Henan Normal University (CN, Xinxiang)",FTIR;Bruker Vertex 70v,true,2.0,25.0,normal,thermocouple,electric heater,,1073.0,3,2026-08-02,10.1063/1.2393157,10.1007/s10765-007-0183-1;10.1007/s10765-008-0442-9;10.1007/s10765-010-0847-0;10.1007/s10765-013-1531-y;10.1007/s10765-016-2058-9;10.1007/s10765-018-2404-1;10.1007/s10765-018-2472-2;10.1007/s11018-012-0103-z;10.1016/j.applthermaleng.2019.114854;10.1016/j.ijheatmasstransfer.2017.06.133;10.1016/j.infrared.2018.06.031;10.1063/1.1627210;10.1088/0026-1394/47/2/S14;10.1088/0957-0233/25/9/095501;10.1088/1674-1056/25/4/047801;10.1115/1.4006088
10.1016/j.matlet.2011.01.067,10.1016/j.matlet.2011.01.067,79952447546,Greatly enhanced infrared normal spectral emissivity of microstructured silicon using a femtosecond laser,Guojin Feng;Yu Wang;Yuan Li;Jingtao Zhu;Li Zhao,2011,Materials Letters,CN,"Fudan University (CN, Shanghai);National Institute of Metrology China (CN, Beijing);Fudan University (CN, Shanghai);Institute of Precision Optical Engineering (CN, Shanghai);Fudan University (CN, Shanghai)",FTIR;Bruker Equinox 55,true,2.5,25.0,normal,,,,,29,2026-08-02,10.1016/j.ijheatmasstransfer.2015.07.064;10.1016/j.ijheatmasstransfer.2021.122092,
10.1016/j.measurement.2007.10.007,10.1016/j.measurement.2007.10.007,47549112671,Emissivity reference paints for high temperature applications,Ruediger Brandt;Colin Bird;Guenther Neuer,2008,Measurement: Journal of the International Measurement Confederation,DE,"Universität Stuttgart (DE, Stuttgart);Rolls-Royce plc (GB, London);Universität Stuttgart (DE, Stuttgart)",pyrometer LP2,true,0.5,8.3,directional,pyrometer,induction heating,1000.0,3000.0,65,2026-08-02,10.1007/s10765-016-2058-9;10.1016/j.applthermaleng.2025.127648;10.1016/j.infrared.2015.10.001;10.1088/1742-6596/395/1/012152;10.1109/TIM.2019.2944504,
10.1016/j.measurement.2016.01.018,10.1016/j.measurement.2016.01.018,84955263494,Methodology for spectral emissivity measurement by means of single color pyrometer,Carlo Purpura;Eduardo Trifoni;Marilena Musto;Giuseppe Rotondo;Roberto Della Ragione,2016,Measurement: Journal of the International Measurement Confederation,IT,"Centro Italiano Ricerche Aerospaziali (IT, Capua);Centro Italiano Ricerche Aerospaziali (IT, Capua);Università degli Studi di Napoli Federico II (IT, Naples);Università degli Studi di Napoli Federico II (IT, Naples);Università degli Studi di Napoli Federico II (IT, Naples)",pyrometers,,,,normal,thermocouple;calculated,electric furnace,573.0,1273.0,13,2026-08-02,10.1016/j.infrared.2019.102974;10.1016/j.infrared.2022.104515,10.1016/j.infrared.2014.07.004
10.1016/j.measurement.2016.04.006,10.1016/j.measurement.2016.04.006,84964335086,Accurate methods for single-band apparent emissivity measurement of opaque materials,Olivier Riou;Vincent Guiheneuf;Fabien Delaleux;Pierre Olivier Logerais;Jean Félix Durastanti,2016,Measurement: Journal of the International Measurement Confederation,FR,"Paris-Est Sup (FR, Marne-la-Vallee);Paris-Est Sup (FR, Marne-la-Vallee);Paris-Est Sup (FR, Marne-la-Vallee);Paris-Est Sup (FR, Marne-la-Vallee);Paris-Est Sup (FR, Marne-la-Vallee)",infrared camera;Thermacam E300,,,,normal,thermocouple,electric heater,293.0,393.0,23,2026-08-02,10.1016/j.expthermflusci.2021.110379;10.1016/j.ijheatmasstransfer.2004.10.003;10.1088/1361-6501/ab5e9b;10.1109/TIM.2019.2944504,
10.1016/j.measurement.2023.113999,10.1016/j.measurement.2023.113999,85180984602,Directional spectral emissivity measurement approach in a broad-spectrum at low temperatures: Device and methodology study,Zeye Yuan;Longfei Li;Kun Yu;Kaihua Zhang;Yufang Liu,2024,Measurement: Journal of the International Measurement Confederation,CN,"Henan Normal University (CN, Xinxiang);Henan Normal University (CN, Xinxiang);Henan Normal University (CN, Xinxiang);Henan Normal University (CN, Xinxiang);Henan Normal University (CN, Xinxiang)",FTIR;Bruker Vertex 70v,true,5.0,100.0,directional,thermocouple,,213.0,423.0,7,2026-08-02,10.1063/1.2393157,10.1007/s10765-007-0183-1;10.1007/s10765-014-1745-7;10.1016/j.applthermaleng.2019.114854;10.1016/j.ijheatmasstransfer.2017.06.133;10.1063/5.0073459;10.1088/0026-1394/47/2/S14;10.1088/1742-6596/13/1/015;10.1109/TIM.2023.3268656;10.3390/ma12071141
10.1016/j.measurement.2024.115591,10.1016/j.measurement.2024.115591,85202171597,In-situ measurement method for surface temperature and normal spectral emissivity of TC-4 high-temperature alloy based on thin film interference mechanism model,Yang Wang;Jingmin Dai;Yufeng Zhang;Lei Zhang,2025,Measurement: Journal of the International Measurement Confederation,CN,"School of Instrumentation Science and Engineering, Harbin Institute of Technology (CN, Harbin);School of Instrumentation Science and Engineering, Harbin Institute of Technology (CN, Harbin);Bohai University (CN, Jinzhou);Shenyang Aircraft Corporation (CN, Shenyang)",FTIR;Nicolet iS-50,true,2.0,14.0,normal,thermocouple;calculated,electric heater,473.0,973.0,2,2026-08-02,10.1007/s10765-022-03129-3,
10.1016/j.nme.2022.101182,10.1016/j.nme.2022.101182,85128365817,Research on the normal emissivity of graphite between 150 and 500 °C by an infrared camera for nuclear fusion devices,Shuangbao Shu;Tianqi Wu;Ziyi Wang;Yuzhong Zhang;Ziqiang Yang;Huajun Liang,2022,Nuclear Materials and Energy,CN,"Hefei University of Technology (CN, Hefei);Hefei University of Technology (CN, Hefei);Hefei University of Technology (CN, Hefei);Hefei University of Technology (CN, Hefei);Hefei University of Technology (CN, Hefei);Hefei University of Technology (CN, Hefei)",Infrared camera;FLIR A40M,true,7.5,13.0,normal,thermocouple,electric heater,423.0,773.0,12,2026-08-02,10.1007/s10765-016-2058-9;10.1016/j.infrared.2015.10.001,10.1016/j.ijthermalsci.2024.109454
10.1016/j.proci.2010.07.042,10.1016/j.proci.2010.07.042,78650920426,A simple judgment method of gray property of flames based on spectral analysis and the two-color method for measurements of temperatures and emissivity,Yipeng Sun;Chun Lou;Huaichun Zhou,2011,Proceedings of the Combustion Institute,CN,"Huazhong University of Science and Technology (CN, Wuhan);Huazhong University of Science and Technology (CN, Wuhan);Huazhong University of Science and Technology (CN, Wuhan)",fiber optic spectrometer;Avantes AvaSpec-2048,true,0.2,1.1,normal,,combustion furnace,,,100,2026-08-02,10.1016/j.expthermflusci.2019.110017;10.1109/TIM.2023.3268656,10.1021/acs.energyfuels.9b03188
10.1016/j.solener.2022.01.050,10.1016/j.solener.2022.01.050,85124313041,Measuring the spectral emissivity of single particle at high temperature,Lili Yang;Yezheng Zhan;Guan Huang,2022,Solar Energy,CN,"Nanjing University of Aeronautics and Astronautics (CN, Nanjing);Nanjing University of Aeronautics and Astronautics (CN, Nanjing);Nanjing University of Aeronautics and Astronautics (CN, Nanjing)",FTIR;ThermoFisher Nicolet Is50,true,2.5,25.0,normal,thermocouple,electric heater,773.0,1173.0,8,2026-08-02,10.1007/s10765-015-1866-7;10.1007/s10765-016-2058-9;10.3390/ma12071141,10.1016/j.ijheatmasstransfer.2015.07.064;10.1016/j.ijheatmasstransfer.2021.122092;10.1088/1742-6596/13/1/015
10.1016/j.tca.2017.03.004,10.1016/j.tca.2017.03.004,85016140762,A new numerical method and modified apparatus for the simultaneous evaluation of thermo-physical properties above 1500 K: A case study on isostatically pressed graphite,T. Pavlov;L. Vlahovic;D. Staicu;R. J.M. Konings;M. R. Wenman;P. Van Uffelen;R. W. Grimes,2017,Thermochimica Acta,DE,"European Commission Joint Research Centre (BE, Brussels);European Commission Joint Research Centre (BE, Brussels);European Commission Joint Research Centre (BE, Brussels);European Commission Joint Research Centre (BE, Brussels);Imperial College London (GB, London);European Commission Joint Research Centre (BE, Brussels);Imperial College London (GB, London)",Spectropyrometer,true,0.5,1.0,normal,pyrometer,laser;500W,1000.0,3000.0,34,2026-08-02,,10.1007/s10765-013-1400-8
10.1016/s0031-8914(54)80182-0,10.1016/s0031-8914(54)80182-0,21944450631,A new determination of the emissivity of tungsten ribbon,J. C. De Vos,1954,Physica,US,"the N.V. KEMA (US, Nederland)",monochromators,true,0.23,2.7,normal,pyrometer,current through sample,1600.0,2800.0,321,2026-08-02,10.1007/s10765-007-0183-1,10.1016/j.expthermflusci.2019.110017
10.1021/acs.energyfuels.9b03188,10.1021/acs.energyfuels.9b03188,85077118270,Online Measurement of the Flame Temperature and Emissivity during Biomass Volatile Combustion Using Spectral Thermometry and Image Thermometry,Weijie Yan;Kuangyu Li;Xianliang Huang;Lingbo Yu;Chun Lou;Yumin Chen,2020,Energy and Fuels,CN,"China University of Mining and Technology (CN, Xuzhou);China University of Mining and Technology (CN, Xuzhou);China University of Mining and Technology (CN, Xuzhou);China University of Mining and Technology (CN, Xuzhou);Huazhong University of Science and Technology (CN, Wuhan);China University of Mining and Technology (CN, Xuzhou)",fiber optic spectrometer;Avantes AvaSpec-ULS2048CL-EVO,true,0.3,0.8,normal,thermocouple;calculated,combustion furnace,,,36,2026-08-02,10.1016/j.proci.2010.07.042;10.1109/TIM.2023.3268656,
10.1023/A:1012817726103,10.1023/A:1012817726103,33750675253,The spectral directional emissivity of photovoltaic surfaces,D. Labuhn;S. Kabelac,2001,International Journal of Thermophysics,DE,"OHB System AG (DE, Bremen);Helmut Schmidt University - University of the Federal Armed Forces Hamburg (DE, Hamburg)",FTIR,true,4.0,20.0,directional,platinum resistance thermometer,electric heater,373.15,473.15,15,2026-08-02,10.1016/j.ijheatmasstransfer.2012.02.055;10.1016/j.ijheatmasstransfer.2017.06.133;10.1063/1.2393157;10.1063/5.0073459,
10.1023/A:1013103419949,10.1023/A:1013103419949,10844253966,A simple high-sensitivity radiometer in the infrared for measurements of the directional total emissivity of opaque materials at near-ambient temperatures,A. Pantinakis;N. Kortsalioudakis,2001,International Journal of Thermophysics,GR,"Technical University of Crete (GR, Chania);Technical University of Crete (GR, Chania)","thermopile;EG&G Heimann Opto-
Electronics Type TPS434",false,,,directional,thermocouple,electric heater,,,12,2026-08-02,10.1016/j.ijheatmasstransfer.2012.02.055;10.1063/1.2393157,10.1063/1.5116425
10.1023/A:1021415305603,10.1023/A:1021415305603,32639468,System for measuring the spectral distribution of normal emissivity of metals with direct current heating,M. Kobayashi;M. Otsuki;H. Sakate;F. Sakuma;A. Ono,1999,International Journal of Thermophysics,JP,"National Metrology Institute of Japan (JP, Tsukuba);National Metrology Institute of Japan (JP, Tsukuba);National Metrology Institute of Japan (JP, Tsukuba);National Metrology Institute of Japan (JP, Tsukuba);National Metrology Institute of Japan (JP, Tsukuba)",Multiband radiation thermometer with grating,true,0.55,5.3,normal,radiation thermometer,direct current through the sample,1053.0,1473.0,55,2026-08-02,,
10.1023/A:1024193515227,10.1023/A:1024193515227,42068223,Determination of flame emissivity in hydrocarbon pool fires using infrared thermography,Eulàlia Planas-Cuchi;Josep Ma Chatris;Carlos López;Josep Arnaldos,2003,Fire Technology,ES,"Universitat Politècnica de Catalunya (ES, Barcelona);Universitat Politècnica de Catalunya (ES, Barcelona);Universitat Politècnica de Catalunya (ES, Barcelona);Universitat Politècnica de Catalunya (ES, Barcelona)",infrared camera,,,,normal,calculated,combustion furnace,,,52,2026-08-02,,
10.1023/B:IJOT.0000028479.90667.8a,10.1023/B:IJOT.0000028479.90667.8a,3543121870,A transient method for total emissivity determination,B. Zhang;J. Redgrove;J. Clark,2004,International Journal of Thermophysics,GB,"National Physical Laboratory (GB, Middlesex);National Physical Laboratory (GB, Middlesex);National Physical Laboratory (GB, Middlesex)",FTIR;Bruker Equinox 55,true,0.6,9.6,normal,Thermocouple;calculated,electric heater,,,29,2026-08-02,10.1007/s10765-021-02813-0;10.1016/j.ijheatmasstransfer.2017.06.133;10.1016/j.infrared.2015.10.001;10.1016/j.infrared.2022.104515;10.1109/TIM.2025.3551925,
10.1029/96JE01089,10.1029/96JE01089,10346463,New laboratory measurements of mid-IR emission spectra of simulated planetary surfaces,Bràdley G. Henderson;Paul G. Lucey;Bruce M. Jakosky,1996,Journal of Geophysical Research: Planets,US,"University of Colorado Boulder (US, Boulder);School of Ocean and Earth Science and Technology (US, Honolulu);University of Colorado Boulder (US, Boulder)",scanning grating monochromator,true,7.0,13.0,normal,,electric heater,77.0,500.0,24,2026-08-02,,
10.1063/1.1139125,10.1063/1.1139125,22600149,Design and testing of a high-temperature emissometer for porous and particulate dielectrics,D. T. Vader;R. Viskanta;F. P. Incropera,1986,Review of Scientific Instruments,US,"College of Engineering (US, West Lafayette);College of Engineering (US, West Lafayette);College of Engineering (US, West Lafayette)",radiometer;Barnes 12-550 with filter,true,1.5,14.0,normal,thermocouple,electric heater;furnace,773.0,1773.0,25,2026-08-02,,
10.1063/1.1141538,10.1063/1.1141538,857872,An FT-IR based instrument for measuring spectral emittance of material at high temperature,J. R. Markham;P. R. Solomon;P. E. Best,1990,Review of Scientific Instruments,US,"Advanced Fuel Research Incorporated (US, East Hartford);Advanced Fuel Research Incorporated (US, East Hartford);Advanced Fuel Research Incorporated (US, East Hartford)",FTIR;Nicolet 7199,true,1.6,20.0,normal,calculated;christiansen,torch,300.0,2226.0,69,2026-08-02,,
10.1063/1.1143913,10.1063/1.1143913,1174395,Bench top Fourier transform infrared based instrument for simultaneously measuring surface spectral emittance and temperature,James R. Markham;Karen Kinsella;Robert M. Carangelo;Carl R. Brouillette;Martin D. Carangelo;Philip E. Best;Peter R. Solomon,1993,Review of Scientific Instruments,US,"Advanced Fuel Research Incorporated (US, East Hartford);Advanced Fuel Research Incorporated (US, East Hartford);Advanced Fuel Research Incorporated (US, East Hartford);Advanced Fuel Research Incorporated (US, East Hartford);Advanced Fuel Research Incorporated (US, East Hartford);Advanced Fuel Research Incorporated (US, East Hartford);Advanced Fuel Research Incorporated (US, East Hartford)",FTIR,true,0.8,20.0,,,multiple: torch;lamps;laser,373.0,2273.0,75,2026-08-02,,
10.1063/1.1150028,10.1063/1.1150028,1152792,A spectroscopic method to measure the spectral emissivity of semi-transparent materials up to high temperature,O. Rozenbaum;D. De Sousa Meneses;Y. Auger;S. Chermanne;P. Echegut,1999,Review of Scientific Instruments,FR,"CRMHT Centre de Recherches sur les Matériaux à Haute Température (FR, Orleans);CRMHT Centre de Recherches sur les Matériaux à Haute Température (FR, Orleans);CRMHT Centre de Recherches sur les Matériaux à Haute Température (FR, Orleans);CRMHT Centre de Recherches sur les Matériaux à Haute Température (FR, Orleans);CRMHT Centre de Recherches sur les Matériaux à Haute Température (FR, Orleans)",FTIR;Bruker IFS 113 V,true,0.83,1000.0,directional,,laser,600.0,3000.0,141,2026-08-02,,
10.1063/1.1150701,10.1063/1.1150701,4474246,Experimental apparatus for radiometric emissivity measurements of metals,T. Furukawa;T. Iuchi,2000,Review of Scientific Instruments,JP,"Toyo University (JP, Tokyo);Toyo University (JP, Tokyo)",radiometers,,,,directional,,electric heater,,1023.0,63,2026-08-02,,
10.1063/1.115104,10.1063/1.115104,5544235006,Emissivity of B-implanted and annealed silicon,D. F. Takeuti;P. J. Timans;H. Ahmed,1995,Applied Physics Letters,GB,"Department of Physics (GB, Cambridge);Department of Physics (GB, Cambridge);Department of Physics (GB, Cambridge)",Monochromator;Bentham TM 300,true,0.9,2.7,normal,pyrometer;calculated,Electron-beam heating,,,12,2026-08-02,10.1016/j.infrared.2022.104515;10.1063/1.2393157,
10.1063/1.1627210,10.1063/1.1627210,85113619623,A Fourier-Transform Spectrometer for Accurate Thermometric Applications at Low Temperatures,"Ishii, Juntaro;Ono, Akira",2003,AIP Conference Proceedings,JP,"National Metrology Institute of Japan (JP, Tsukuba);National Metrology Institute of Japan (JP, Tsukuba)",FTIR;JASCO FTIR 6100,true,5.0,12.0,,platinum resistance thermometer;in the fluid,thermostatic fluid,253.0,373.0,10,2026-08-02,10.1016/j.jqsrt.2022.108277,
10.1063/1.1752284,10.1063/1.1752284,36849135913,An apparatus for the measurement of the total normal thermal emissivity of sheet materials in the temperature range 140 to 500°f,Paul F. McDermott,1937,Review of Scientific Instruments,US,"Johns-Manville Research Laboratories (US, Manville)",radiometer (custom),false,,,normal,thermocouple,,333.0,533.0,3,2026-08-02,,
10.1063/1.2393157,10.1063/1.2393157,33751577360,New experimental device for infrared spectral directional emissivity measurements in a controlled environment,Leire Del Campo;Raúl B. ?rez-Sáez;Xabier Esquisabel;Ignacio Fernández;Manuel J. Tello,2006,Review of Scientific Instruments,ES,"Universidad del Pais Vasco (ES, Leioa);Universidad del Pais Vasco (ES, Leioa);Industria de Turbo Propulsores, S. A. (ES, Madrid);Industria de Turbo Propulsores, S. A. (ES, Madrid);Universidad del Pais Vasco (ES, Leioa)",FTIR;Bruker IFS 66v/S,true,1.28,25.0,directional,thermocouple,electic heater,300.0,1050.0,177,2026-08-02,10.1016/j.infrared.2018.06.031,10.1007/s10765-011-0986-y;10.1007/s10765-013-1531-y;10.1007/s10765-016-2142-1;10.1007/s10765-021-02813-0;10.1007/s10765-022-03129-3;10.1007/s10765-024-03433-0;10.1016/j.applthermaleng.2019.114854;10.1016/j.expthermflusci.2021.110379;10.1016/j.ijheatmasstransfer.2012.02.055;10.1016/j.ijheatmasstransfer.2015.07.064;10.1016/j.ijheatmasstransfer.2017.06.133;10.1016/j.ijheatmasstransfer.2021.122092;10.1016/j.ijthermalsci.2025.109740;10.1016/j.infrared.2014.07.004;10.1016/j.infrared.2015.01.011;10.1016/j.infrared.2015.10.001;10.1016/j.infrared.2019.102974;10.1016/j.infrared.2020.103572;10.1016/j.infrared.2022.104515;10.1016/j.infrared.2023.105060;10.1016/j.jqsrt.2022.108277;10.1016/j.measurement.2023.113999;10.1023/A:1012817726103;10.1023/A:1013103419949;10.1063/1.115104;10.1063/1.5007225;10.1063/1.5116425;10.1063/5.0073459;10.1088/0957-0233/25/9/095501;10.1088/1674-1056/25/4/047801;10.1088/1681-7575/ab84ff;10.1088/1742-6596/395/1/012152;10.1109/TIM.2023.3268656;10.1109/TIM.2024.3457934;10.1115/1.4006088;10.1117/12.2208334;10.1364/AO.54.008700;10.3390/s21186252
10.1063/1.4769084,10.1063/1.4769084,84869448906,A new experimental setup for making thermal emission measurements in a simulated lunar environment,I. R. Thomas;B. T. Greenhagen;N. E. Bowles;K. L. Donaldson Hanna;J. Temple;S. B. Calcutt,2012,Review of Scientific Instruments,GB,"University of Oxford (GB, Oxford);Jet Propulsion Laboratory (US, Pasadena);University of Oxford (GB, Oxford);Brown University (US, Providence);University of Oxford (GB, Oxford);University of Oxford (GB, Oxford)",FTIR;Bruker IFS-66v/S,true,3.3,29.0,normal,,electric heater,360.0,500.0,35,2026-08-02,,
10.1063/1.4819635,10.1063/1.4819635,84884993662,Measurements of infrared spectral directional emittance at NIST-A status update,"Wilthan, Boris;Hanssen, Leonard M;Mekhontsev, Sergey",2013,AIP Conference Proceedings,US,"SDL (US, Logan);National Institute of Standards and Technology (US, Gaithersburg);National Institute of Standards and Technology (US, Gaithersburg)",FTIR;custom,true,2.0,20.0,directional,Thermocouple;radiometrically calculated,electric heater,473.0,1173.0,5,2026-08-02,10.1016/j.expthermflusci.2021.110379;10.1016/j.ijthermalsci.2025.110629;10.1016/j.infrared.2022.104515;10.1016/j.infrared.2023.105060;10.1117/12.542224,
10.1063/1.4949213,10.1063/1.4949213,84984562905,Pyrometric method for measuring emittances at high temperatures,Ballestr{\'\i,2016,AIP Conference Proceedings,ES,"CIEMAT-Plataforma Solar de Almería (ES, Almeria);CIEMAT-Plataforma Solar de Almería (ES, Almeria);CIEMAT-Plataforma Solar de Almería (ES, Almeria);CIEMAT-Plataforma Solar de Almería (ES, Almeria);CIEMAT-Plataforma Solar de Almería (ES, Almeria);Universidad de Almería (ES, Almeria);Universidad de Antofagasta (CL, Antofagasta)",pyrometer;infrared camera,,,,normal,thermocouple,solar furnace,737.0,1373.0,4,2026-08-02,10.3390/s25020487,
10.1063/1.5007225,10.1063/1.5007225,85047409288,A new experimental apparatus for emissivity measurements of steel and the application of multi-wavelength thermometry to continuous casting billets,Peng Wang;Zhenwei Hu;Zhi Xie;Ming Yan,2018,Review of Scientific Instruments,CN,"Shenyang University of Technology (CN, Shenyang);College of Information Science and Engineering, Northeastern University (CN, Shenyang);College of Information Science and Engineering, Northeastern University (CN, Shenyang);Shenyang University of Technology (CN, Shenyang)",FTIR fiber-optic spectrometer;Arcoptix;model FT-MIR Rocket,true,2.0,6.0,directional,thermocouple,induction heating,1073.0,1373.0,36,2026-08-02,10.1007/s10765-021-02813-0;10.1016/j.infrared.2020.103572;10.1063/1.2393157;10.1109/TIM.2024.3457934,10.1016/j.applthermaleng.2025.127648;10.1016/j.expthermflusci.2019.110017;10.1016/j.expthermflusci.2021.110379;10.1016/j.ijheatmasstransfer.2015.07.064;10.1088/1361-6501/ab5e9b;10.1109/TIM.2019.2944504
10.1063/1.5116425,10.1063/1.5116425,85075611953,A fast and versatile method for spectral emissivity measurement at high temperatures,Abdelmagid El Bakali;Rémi Gilblas;Thomas Pottier;Yannick Le Maoult,2019,Review of Scientific Instruments,FR,"Institut Clément Ader (FR, Toulouse);Institut Clément Ader (FR, Toulouse);Institut Clément Ader (FR, Toulouse);Institut Clément Ader (FR, Toulouse)",spectrometer (NIR;NeoSpectra 1;3;2;5 microns) two MIR cameras (FLIR SC7000;2;5-5;5; FLIR SC325;7;5-13),true,1.3,13.0,,thermocouple,electic heater;lamp inside of ellipsoid mirror,873.0,1273.0,5,2026-08-02,10.1007/s10765-013-1400-8;10.1016/j.ijheatmasstransfer.2015.07.064;10.1016/j.infrared.2015.01.011;10.1016/j.infrared.2015.10.001;10.1023/A:1013103419949;10.1063/1.2393157,
10.1063/5.0073459,10.1063/5.0073459,85129144493,New directional spectral emissivity measurement apparatus simultaneously collecting the blackbody and sample radiation,Zeye Yuan;Kun Yu;Longfei Li;Gangquan Wang;Kaihua Zhang;Yufang Liu,2022,Review of Scientific Instruments,CN,"Henan Normal University (CN, Xinxiang);Henan Normal University (CN, Xinxiang);Henan Normal University (CN, Xinxiang);Henan Normal University (CN, Xinxiang);Henan Normal University (CN, Xinxiang);Henan Normal University (CN, Xinxiang)",InGaAs detector with filters with locking anplifier,true,1.2,1.6,directional,thermocouple;calculated,electric heater,573.0,973.0,9,2026-08-02,10.1016/j.measurement.2023.113999;10.1063/1.2393157,10.1007/s10765-013-1400-8;10.1007/s10765-013-1531-y;10.1007/s10765-016-2058-9;10.1007/s10765-024-03393-5;10.1016/j.cap.2011.04.011;10.1016/j.expthermflusci.2021.110379;10.1016/j.infrared.2018.06.031;10.1016/j.infrared.2020.103572;10.1023/A:1012817726103;10.1088/0026-1394/47/2/S14;10.1088/0957-0233/25/9/095501;10.1109/TIM.2025.3551925;10.1117/12.542224;scopus_77957053134
10.1088/0022-3727/20/9/002,10.1088/0022-3727/20/9/002,23406469,"The directional-total emittance at 368 K of some metals, solar absorbers and dielectrics",A. A. De Silva;B. W. Jones,1987,Journal of Physics D: Applied Physics,GB,"The Open University (GB, Milton Keynes);The Open University (GB, Milton Keynes)",Golay cell,false,,,directional,Thermocouple;calculated,electic heater,368.0,368.0,5,2026-08-02,,
10.1088/0022-3727/42/15/155412,10.1088/0022-3727/42/15/155412,70349136339,Radiative properties of thermal barrier coatings at high temperatures,Geunsik Lim;Aravinda Kar,2009,Journal of Physics D: Applied Physics,US,"College of Engineering and Computer Science (US, Orlando);College of Engineering and Computer Science (US, Orlando)",Grating spectrometer;SpectraPro-300i,true,0.4,1.08,normal,thermocouple,electric heater;furnace,673.0,1423.0,26,2026-08-02,,10.1016/j.ijheatmasstransfer.2004.10.003
10.1088/0022-3735/1/3/310,10.1088/0022-3735/1/3/310,36149074651,An apparatus for the measurement of the normal and off-normal spectral emissivity of incandescent materials,L. K. Thomas,1968,Journal of Physics E: Sicentific Instruments,DE,"Westinghouse Research & Development Center (US, Pittsburgh)",Monochromator with photomultipliet (RCA IP21;0;35-0;63 microns);thermocouple (0;63-6 microns),true,0.35,6.0,directional,pyrometer,Electron-beam heating,,,7,2026-08-02,,
10.1088/0026-1394/47/2/S14,10.1088/0026-1394/47/2/S14,77949383190,The determination of the uncertainties of spectral emissivity measurements in air at the PTB,Christian Monte;Jörg Hollandt,2010,Metrologia,DE,"Physikalisch-Technische Bundesanstalt (DE, Braunschweig);Physikalisch-Technische Bundesanstalt (DE, Braunschweig)",FTIR;Nicolet 5DXB,true,4.0,40.0,directional,probe;calculated,electric heater,353.0,673.0,71,2026-08-02,10.1007/s10765-015-1866-7;10.1007/s10765-022-03129-3;10.1016/j.ijheatmasstransfer.2021.122092;10.1016/j.ijthermalsci.2024.109454;10.1016/j.infrared.2020.103572;10.1016/j.jqsrt.2022.108277;10.1016/j.measurement.2023.113999;10.1063/5.0073459;10.1109/TIM.2024.3457934;10.1117/12.2208334;10.3390/s21186252,10.1007/s10765-007-0183-1;10.1007/s10765-008-0442-9;10.1007/s10765-014-1745-7;10.1007/s10765-015-1969-1;10.1007/s11018-012-0103-z;10.1016/j.applthermaleng.2019.114854;10.1016/j.expthermflusci.2021.110379;10.1016/j.ijheatmasstransfer.2015.07.064;10.1016/j.infrared.2022.104515;10.1016/j.infrared.2023.105060;10.1088/1681-7575/ab84ff;10.1109/TIM.2025.3551925;10.1364/AO.54.008700
10.1088/0026-1394/49/6/737,10.1088/0026-1394/49/6/737,84870347096,Broadband emissivity calibration of highly reflective samples at cryogenic temperatures,S. I. Woods;T. M. Jung;G. T. Ly;J. Yu,2012,Metrologia,US,"National Institute of Standards and Technology (US, Gaithersburg);Jung Research and Development Corp. (US, Washington);Jung Research and Development Corp. (US, Washington);ITER (FR, Saint Paul lez Durance)",absolute cryogenic radiometer,,,,normal,silicon diode thermometer,cryocooler;electric heaters,80.0,300.0,8,2026-08-02,,10.1016/j.cryogenics.2023.103671
10.1088/0957-0233/12/12/311,10.1088/0957-0233/12/12/311,35666065,Uncertainty estimation for emissivity measurements near room temperature with a fourier transform spectrometer,J. Ishii;A. Ono,2001,Measurement Science and Technology,JP,"National Metrology Institute of Japan (JP, Tsukuba);National Metrology Institute of Japan (JP, Tsukuba)",FTIR,true,5.0,12.0,normal,platinum resistance thermometer (in fluid),thermostatic fluid,,,93,2026-08-02,,
10.1088/0957-0233/12/12/312,10.1088/0957-0233/12/12/312,35655601,A new spectrophotometer system for measuring thermal radiation phenomena in a 0.30-11 ?m wavelength region,H. Wakabayashi;T. Makino,2001,Measurement Science and Technology,JP,"Kyoto University (JP, Kyoto);Kyoto University (JP, Kyoto)",spectrophotometer grating-dispersion-type,true,0.3,11.0,normal,thermocouple,electric heater,,,24,2026-08-02,,
10.1088/0957-0233/25/9/095501,10.1088/0957-0233/25/9/095501,84906090112,New experimental device for high-temperature normal spectral emissivity measurements of coatings,Petra Honnerová;Ji?í Martan;Martin Ku?era;Milan Honner;Jacques Hameury,2014,Measurement Science and Technology,CZ,"University of West Bohemia (CZ, Plzen);University of West Bohemia (CZ, Plzen);University of West Bohemia (CZ, Plzen);University of West Bohemia (CZ, Plzen);Laboratoire National de Metrologie et d'Essais (FR, Paris)",FTIR;Nicolet 6700,true,1.38,26.0,normal,infrared camera (FLIR A320),A fiber laser (Jenoptik;maximum power 400 W;wavelength 1070 nm) with a scanning head (Scanlab HurryScan20),550.0,1473.0,53,2026-08-02,10.1007/s10765-022-03129-3;10.1016/j.ijheatmasstransfer.2021.122092;10.1016/j.infrared.2015.01.011;10.1016/j.infrared.2018.06.031;10.1016/j.jqsrt.2022.108277;10.1063/1.2393157;10.1063/5.0073459;10.1109/TIM.2023.3268656;10.1109/TIM.2024.3457934,10.1007/s10765-007-0183-1;10.1007/s10765-013-1400-8;10.1016/j.applthermaleng.2019.114854;10.1016/j.expthermflusci.2021.110379;10.1016/j.ijheatmasstransfer.2017.06.133;10.1016/j.infrared.2022.104515;10.1088/1361-6501/ab5e9b;10.1088/1742-6596/13/1/015;10.3390/ma12071141;scopus_77957053134
10.1088/0957-0233/3/5/012,10.1088/0957-0233/3/5/012,26866373,A radiometric method for measuring directional total emittance at ambient temperatures,B. W. Jones;A. Pantinakis,1992,Measurement Science and Technology,GB,"The Open University (GB, Milton Keynes);The Open University (GB, Milton Keynes)",Golay cell,false,,,directional,Thermocouple;calculated,electric heater,,373.0,2,2026-08-02,,
10.1088/0957-0233/9/12/005,10.1088/0957-0233/9/12/005,32297027,A periodic technique for emissivity measurements of insulating materials at moderate temperature,Monica Siroux;Eric Tang-Kwor;Simone Mattel,1998,Measurement Science and Technology,FR,"IUT de Bourges (FR, Bourges);Université Paris-Est Créteil Val de Marne (FR, Creteil);Université Paris-Est Créteil Val de Marne (FR, Creteil)",thermopile;KRS5,true,1.0,50.0,hemispherical,thermocouple,electic heater,,,12,2026-08-02,,
10.1088/1361-6501/ab5e9b,10.1088/1361-6501/ab5e9b,85081968057,An accurate instrument for emissivity measurements by direct and indirect methods,Chengxi Zhu;Matthew J. Hobbs;Jon R. Willmott,2020,Measurement Science and Technology,GB,"The University of Sheffield (GB, Sheffield);The University of Sheffield (GB, Sheffield);The University of Sheffield (GB, Sheffield)",InGaAs detector photodiode,true,2.1,2.5,normal,thermocouple,electric heater,473.0,723.0,44,2026-08-02,10.1007/s10765-008-0442-9;10.1016/j.ijheatmasstransfer.2004.10.003;10.1016/j.ijheatmasstransfer.2015.07.064;10.1016/j.ijthermalsci.2024.109454;10.1063/1.5007225;10.1088/0957-0233/25/9/095501;10.1117/12.542224,10.1016/j.measurement.2016.04.006;10.3390/s25020487
10.1088/1674-1056/25/4/047801,10.1088/1674-1056/25/4/047801,84963768026,Apparent directional spectral emissivity determination of semitransparent materials,Chun Yang Niu;Hong Qi;Ya Tao Ren;Li Ming Ruan,2016,Chinese Physics B,CN,"School of Energy Science and Engineering, Harbin Institute of Technology (CN, Harbin);School of Energy Science and Engineering, Harbin Institute of Technology (CN, Harbin);School of Energy Science and Engineering, Harbin Institute of Technology (CN, Harbin);School of Energy Science and Engineering, Harbin Institute of Technology (CN, Harbin)",FTIR;FTIR 6100,true,2.5,25.0,directional,thermocouple;calculated,electric furnace,300.0,1773.0,22,2026-08-02,10.1007/s10765-018-2472-2;10.1007/s10765-021-02813-0;10.1016/j.ijheatmasstransfer.2012.02.055;10.1016/j.ijthermalsci.2025.109809;10.1016/j.infrared.2022.104515;10.1016/j.jqsrt.2022.108277;10.1063/1.2393157;10.1088/1742-6596/13/1/015,10.1007/s10765-011-0986-y;10.1016/j.applthermaleng.2009.12.005
10.1088/1681-7575/ab84ff,10.1088/1681-7575/ab84ff,85094186581,Updated measurement method and uncertainty budget for direct emissivity measurements at the University of the Basque Country,I. González De Arrieta;T. Echániz;R. Fuente;J. M. Campillo-Robles;J. M. Igartua;G. A. López,2020,Metrologia,ES,"Universidad del Pais Vasco (ES, Leioa);Universidad del Pais Vasco (ES, Leioa);Universidad del Pais Vasco (ES, Leioa);Universidad del Pais Vasco (ES, Leioa);Universidad del Pais Vasco (ES, Leioa);Universidad del Pais Vasco (ES, Leioa)",FTIR;Bruker IFS 66v/S,true,1.43,25.0,directional,thermocouple,electic heater,300.0,1273.0,25,2026-08-02,10.1007/s10765-015-1866-7;10.1016/j.ijthermalsci.2024.109454;10.1016/j.infrared.2015.01.011;10.1016/j.infrared.2015.10.001;10.1016/j.infrared.2018.06.031;10.1063/1.2393157;10.1088/0026-1394/47/2/S14;10.1109/ACCESS.2021.3096599;10.3390/ma12071141;10.3390/s21186252,10.1007/s10765-007-0183-1;10.1007/s10765-014-1745-7;10.1007/s10765-017-2339-y;10.1007/s10765-018-2472-2;10.1016/j.applthermaleng.2016.11.022;10.1016/j.ijheatmasstransfer.2017.06.133
10.1088/1742-6596/13/1/015,10.1088/1742-6596/13/1/015,24644488388,Fourier transform spectrometer for spectral emissivity measurement in the temperature range between 60 and 1500°C,"Dai, Jingmin;Wang, Xinbei;Yuan, Guibin",2005,Journal of Physics: Conference Series,CN,"Harbin Institute of Technology (CN, Harbin);Harbin Institute of Technology (CN, Harbin);Harbin Institute of Technology (CN, Harbin)",FTIR;JASCO FTIR 6100,true,0.6,25.0,normal,thermocouple;pyrometer,electric heater,333.0,1773.0,54,2026-08-02,10.1007/s00340-024-08331-9;10.1007/s10765-022-03129-3;10.1016/j.applthermaleng.2019.114854;10.1016/j.expthermflusci.2021.110379;10.1016/j.ijheatmasstransfer.2015.07.064;10.1016/j.ijheatmasstransfer.2017.06.133;10.1016/j.ijheatmasstransfer.2021.122092;10.1016/j.ijthermalsci.2025.110629;10.1016/j.infrared.2015.01.011;10.1016/j.infrared.2018.06.031;10.1016/j.infrared.2023.105060;10.1016/j.measurement.2023.113999;10.1016/j.solener.2022.01.050;10.1088/0957-0233/25/9/095501;10.1109/TIM.2024.3457934;10.3390/ma12071141;10.3390/ma15010235,10.1007/s10765-013-1400-8;10.1088/1674-1056/25/4/047801
10.1088/1742-6596/395/1/012152,10.1088/1742-6596/395/1/012152,84875023729,Newly designed apparatus for measuring the angular dependent surface emittance in a wide wavelength range and at elevated temperatures up to 1400°C,"Rydzek, M;Stark, T;Arduini-Schuster, M;Manara, J",2012,Journal of Physics: Conference Series,DE,"Das Bayerische Zentrum für Angewandte Energieforschung e.V. (DE, Wurzburg);Das Bayerische Zentrum für Angewandte Energieforschung e.V. (DE, Wurzburg);Das Bayerische Zentrum für Angewandte Energieforschung e.V. (DE, Wurzburg);Das Bayerische Zentrum für Angewandte Energieforschung e.V. (DE, Wurzburg)",FTIR;Bruker Vertex 70v,true,2.0,25.0,directional,thermocouple;calculated,electric heater,473.0,1673.0,12,2026-08-02,10.1063/1.2393157;10.3390/s21186252,10.1007/s00340-024-08331-9;10.1016/j.infrared.2022.104515;10.1016/j.measurement.2007.10.007
10.1103/PhysRev.10.377,10.1103/PhysRev.10.377,36149014657,The true temperature scale of tungsten and its emissive powers at incandescent temperatures,A. G. Worthing,1917,Physical Review,US,"General Electric Company (US, Cincinnati)",pyrometer,true,0.467,0.665,normal,pyrometer,current through sample,,,8,2026-08-02,,
10.1103/PhysRev.50.735,10.1103/PhysRev.50.735,36149009947,Positive and negative thermionic emission from tungsten,H. B. Wahlin;L. V. Whitney,1936,Physical Review,US,"University of Wisconsin-Madison (US, Madison);University of Wisconsin-Madison (US, Madison)",pyrometer,true,0.669,0.669,normal,pyrometer,current through sample,1200.0,2100.0,4,2026-08-02,,
10.1109/ACCESS.2021.3096599,10.1109/ACCESS.2021.3096599,85110803263,A probabilistic model and capturing device for remote simultaneous estimation of spectral emissivity and temperature of hot emissive materials,Artzai Picon;Aitor Alvarez-Gila;Jose Antonio Arteche;Gabriel A. Lopez;Asier Vicente,2021,IEEE Access,ES,"TECNALIA (ES, Donostia-San Sebastian);TECNALIA (ES, Donostia-San Sebastian);TECNALIA (ES, Donostia-San Sebastian);Universidad del Pais Vasco (ES, Leioa);Arcelor Mittal Research Centre (ES, Sestao)",FTIR;ArcOptics; fiber optic spectrometer;Ocean Optics HR2000,true,0.2,12.0,normal,no;calculated,,,,8,2026-08-02,10.1109/TIM.2023.3268656,10.1088/1681-7575/ab84ff
10.1109/ICEOE.2011.6013317,10.1109/ICEOE.2011.6013317,80053286491,Experimental apparatus for simultaneous measurement of temperature and emissivity at medium-high temperature,"Liu, Yufang;Yu, Kun;Shi, Deheng",2011,Proceedings of 2011 International Conference on Electronics and Optoelectronics,CN,"School of Optics and Photonics, Beijing Institute of Technology (CN, Beijing);School of Optics and Photonics, Beijing Institute of Technology (CN, Beijing);Henan Normal University (CN, Xinxiang)",photodiode,true,1.5,1.5,directional,thermocouple;calculated,electric heater,773.0,1373.0,3,2026-08-02,,
10.1109/LGRS.2017.2772783,10.1109/LGRS.2017.2772783,85037568549,A measurement technique for infrared emissivity of epoxy-based microwave absorbing materials,Derek A. Houtz;Dazhen Gu,2018,IEEE Geoscience and Remote Sensing Letters,US,"National Institute of Standards and Technology (US, Gaithersburg);National Institute of Standards and Technology (US, Gaithersburg)",infrared camera;FLIR,,,,normal,platinum resistance thermometer,circulating water,292.0,318.0,10,2026-08-02,,
10.1109/TIM.2019.2944504,10.1109/TIM.2019.2944504,85086311597,An accurate device for apparent emissivity characterization in controlled atmospheric conditions up to 1423 K,Chengxi Zhu;Matthew J. Hobbs;Robert C. Masters;Cornelia Rodenburg;Jon R. Willmott,2020,IEEE Transactions on Instrumentation and Measurement,GB,"The University of Sheffield (GB, Sheffield);The University of Sheffield (GB, Sheffield);The University of Sheffield (GB, Sheffield);The University of Sheffield (GB, Sheffield);The University of Sheffield (GB, Sheffield)",custom radiometer;photodiode,true,0.85,1.1,normal,thermocouple;calculated;pyrometry on a cavity,electric heater,973.0,1423.0,12,2026-08-02,10.1063/1.5007225;10.1109/TIM.2024.3457934;10.3390/app142210369,10.1007/s10765-015-1866-7;10.1016/j.applthermaleng.2025.127648;10.1016/j.ijheatmasstransfer.2004.10.003;10.1016/j.measurement.2007.10.007;10.1016/j.measurement.2016.04.006
10.1109/TIM.2023.3268656,10.1109/TIM.2023.3268656,85159829889,Fast Emissivity Measuring Apparatus With Adjustable Focusing and Field Calibration,Baolin Zhao;Kaihua Zhang;Kun Yu;Yufang Liu,2023,IEEE Transactions on Instrumentation and Measurement,CN,"Henan Normal University (CN, Xinxiang);Henan Normal University (CN, Xinxiang);Henan Normal University (CN, Xinxiang);Henan Normal University (CN, Xinxiang)",fiber optic spectrometer;IdeaOptics NIR25S,true,1.4,2.5,normal,thermocouple,electric heater,873.0,1173.0,10,2026-08-02,10.1016/j.measurement.2023.113999;10.1063/1.2393157;10.1109/TIM.2024.3457934,10.1007/s10765-008-0442-9;10.1007/s10765-010-0847-0;10.1007/s10765-013-1400-8;10.1007/s10765-014-1745-7;10.1007/s10765-016-2058-9;10.1007/s10765-016-2142-1;10.1007/s10765-018-2472-2;10.1016/j.applthermaleng.2016.11.022;10.1016/j.expthermflusci.2019.110017;10.1016/j.expthermflusci.2021.110379;10.1016/j.fuproc.2020.106423;10.1016/j.ijheatmasstransfer.2017.06.133;10.1016/j.infrared.2015.10.001;10.1016/j.infrared.2018.06.031;10.1016/j.proci.2010.07.042;10.1021/acs.energyfuels.9b03188;10.1088/0957-0233/25/9/095501;10.1109/ACCESS.2021.3096599;10.1117/12.560602
10.1109/TIM.2024.3457934,10.1109/TIM.2024.3457934,85204244922,Fast Measuring Device for the Normal Spectral Emissivity in a Broad Temperature Range,Ruirui Tong;Kaihua Zhang;Longfei Li;Bo Zhang;Qin Liu;Yufang Liu;Kun Yu,2024,IEEE Transactions on Instrumentation and Measurement,CN,"Henan Normal University (CN, Xinxiang);Henan Normal University (CN, Xinxiang);Henan Normal University (CN, Xinxiang);Henan Academy of Special Optics Ltd. (CN, Xinxiang);Henan Academy of Special Optics Ltd. (CN, Xinxiang);Henan Normal University (CN, Xinxiang);Henan Normal University (CN, Xinxiang)",fiber optic spectrometer;DWARF-Star;StellarNet Inc.,true,1.0,1.6,,pyrometer,induction heating,873.0,2473.0,2,2026-08-02,10.1063/1.2393157,10.1007/s10765-013-1400-8;10.1007/s10765-013-1531-y;10.1007/s10765-015-1866-7;10.1007/s10765-016-2058-9;10.1007/s10765-017-2339-y;10.1007/s10765-018-2472-2;10.1007/s10765-021-02813-0;10.1016/j.applthermaleng.2016.11.022;10.1016/j.applthermaleng.2019.114854;10.1016/j.ijheatmasstransfer.2017.06.133;10.1016/j.infrared.2015.10.001;10.1063/1.5007225;10.1088/0026-1394/47/2/S14;10.1088/0957-0233/25/9/095501;10.1088/1742-6596/13/1/015;10.1109/TIM.2019.2944504;10.1109/TIM.2023.3268656;10.3390/ma12071141;10.3390/s21186252
10.1109/TIM.2025.3551925,10.1109/TIM.2025.3551925,105002399139,A Novel Measurement Method for Material Emissivity Under High Temperature,Jiu Zhang;Xu Lan;Runxun Ma;Feng Yue;Guohui Mei,2025,IEEE Transactions on Instrumentation and Measurement,CN,"College of Information Science and Engineering, Northeastern University (CN, Shenyang);College of Information Science and Engineering, Northeastern University (CN, Shenyang);College of Information Science and Engineering, Northeastern University (CN, Shenyang);College of Information Science and Engineering, Northeastern University (CN, Shenyang);College of Information Science and Engineering, Northeastern University (CN, Shenyang)",pyrometer,true,1.55,1.55,normal,calculated,electric heater,893.0,1093.0,0,2026-08-02,10.1007/s10765-008-0442-9;10.1063/5.0073459;10.1088/0026-1394/47/2/S14,10.1023/B:IJOT.0000028479.90667.8a
10.1115/1.4006088,10.1115/1.4006088,84862751289,Direct measurement of thermal emission from a Fabry-Perot cavity resonator,L. P. Wang;S. Basu;Z. M. Zhang,2012,Journal of Heat Transfer,US,"George W. Woodruff School of Mechanical Engineering (US, Atlanta);George W. Woodruff School of Mechanical Engineering (US, Atlanta);George W. Woodruff School of Mechanical Engineering (US, Atlanta)",FTIR;ABB FTLA2000,true,2.5,20.0,directional,thermocouple,electric heater,,800.0,68,2026-08-02,10.1007/s10765-007-0183-1;10.1007/s10765-008-0442-9;10.1007/s10765-018-2472-2;10.1007/s10765-022-03129-3;10.1016/j.ijthermalsci.2025.109809;10.1016/j.jqsrt.2022.108277;10.1063/1.2393157,
10.1117/12.2208334,10.1117/12.2208334,84974573821,Design and test of a new facility for assessing spectral normal emittance of solid materials at high temperature,"Mercatelli, L;Meucci, M;Sani, E",2016,Optical Components and Materials XIII,IT,"CNR - Istituto Nazionale di Ottica (IT, Florence);CNR - Istituto Nazionale di Ottica (IT, Florence);CNR - Istituto Nazionale di Ottica (IT, Florence)",FTIR,true,1.6,25.0,normal,thermocouple,electric heater,,1100.0,1,2026-08-02,10.1063/1.2393157,10.1007/s10765-014-1745-7;10.1016/j.ijheatmasstransfer.2015.07.064;10.1088/0026-1394/47/2/S14;10.1364/AO.54.008700
10.1117/12.542224,10.1117/12.542224,3543120612,Infrared spectral emissivity characterization facility at NIST,"Hanssen, Leonard M;Mekhontsev, Sergey N;Khromchenko, Vladimir B",2004,Thermosense XXVI,US,"National Institute of Standards and Technology (US, Gaithersburg);National Institute of Standards and Technology (US, Gaithersburg);National Institute of Standards and Technology (US, Gaithersburg)",FTIR;Bomem DA3 (modified),true,1.0,20.0,normal,platinum resistance thermometer;integrating sphere,electric heater,600.0,1400.0,55,2026-08-02,10.1007/s10765-007-0183-1;10.1007/s10765-013-1531-y;10.1007/s10765-016-2058-9;10.1016/j.ijheatmasstransfer.2015.07.064;10.1016/j.ijheatmasstransfer.2017.06.133;10.1016/j.infrared.2015.10.001;10.1016/j.infrared.2018.06.031;10.1063/5.0073459;10.3390/ma15010235;10.3390/s21186252,10.1063/1.4819635;10.1088/1361-6501/ab5e9b
10.1117/12.560602,10.1117/12.560602,15744375523,Device for spectral emissivity measurements of ceramics using a FT-IR-spectrometer,"Bauer, Wolfgang;Moldenhauer, Alexander",2004,Interferometry XII: Applications,DE,"Universität Duisburg-Essen (DE, Duisburg);Universität Duisburg-Essen (DE, Duisburg)",FTIR,true,0.8,25.0,normal,thermocouple;platinum resistance thermometer,electric heater,373.0,1473.0,12,2026-08-02,10.1007/s10765-016-2058-9;10.1109/TIM.2023.3268656;10.3390/s21186252,10.1016/j.ijheatmasstransfer.2015.07.064;10.1016/j.infrared.2022.104515
10.1134/S0040601509030100,10.1134/S0040601509030100,62449204433,Measurement of spectral directional emissivity of materials and coatings in the infrared region of spectrum,V. V. Vitkovskii;V. G. Gorshenev;Yu F. Potapov,2009,Thermal Engineering,RU,"Central Aerohydrodynamic Institute (TsAGI) (RU, Zhukovskiy);Central Aerohydrodynamic Institute (TsAGI) (RU, Zhukovskiy);Central Aerohydrodynamic Institute (TsAGI) (RU, Zhukovskiy)",optoacoustic radiation detector;OAP-7-1;with monochromator,,,,directional,thermocouple,electric heater,,,5,2026-08-02,,
10.1364/AO.35.005683,10.1364/AO.35.005683,30270110,Measurement of surface temperature and emissivity by a multitemperature method for Fourier-transform infrared spectrometers,Sønnik Clausen;Axel Morgenstjerne;Ole Rathmann,1996,Applied Optics,DK,"Technical University of Denmark (DK, Lyngby);Technical University of Denmark (DK, Lyngby);Technical University of Denmark (DK, Lyngby)",FTIR;Bomem MB155,true,1.27,20.0,,calculated,,,,43,2026-08-02,,
10.1364/AO.54.008700,10.1364/AO.54.008700,85011655527,Facility for assessing spectral normal emittance of solid materials at high temperature,Luca Mercatelli;Marco Meucci;Elisa Sani,2015,Applied Optics,IT,"CNR - Istituto Nazionale di Ottica (IT, Florence);CNR - Istituto Nazionale di Ottica (IT, Florence);CNR - Istituto Nazionale di Ottica (IT, Florence)",FTIR;BioRad Excalibur,true,1.6,25.0,normal,thermocouple,electric heater,,1273.0,16,2026-08-02,10.1007/s10765-014-1745-7;10.1016/j.applthermaleng.2019.114854;10.1016/j.ijheatmasstransfer.2015.07.064;10.1063/1.2393157;10.1088/0026-1394/47/2/S14;10.1117/12.2208334,10.1016/j.ijthermalsci.2025.109740
10.1364/OE.547412,10.1364/OE.547412,105001357131,Advanced multispectral thermometry method based on an improved light spectrum optimizer for reliable temperature and emissivity measurement,Xiang Wang;Luo Gu;Yue Lin;Zhiyuan Mao;Yifan Yuan;Chen Niu;Qiujie Yang,2025,Optics Express,CN,"Shanghai Institute of Technical Physics Chinese Academy of Sciences (CN, Shanghai);Shanghai Institute of Technical Physics Chinese Academy of Sciences (CN, Shanghai);Shanghai Institute of Technical Physics Chinese Academy of Sciences (CN, Shanghai);Shanghai Institute of Technical Physics Chinese Academy of Sciences (CN, Shanghai);Shanghai Institute of Technical Physics Chinese Academy of Sciences (CN, Shanghai);Shanghai Institute of Technical Physics Chinese Academy of Sciences (CN, Shanghai);Shanghai Institute of Technical Physics Chinese Academy of Sciences (CN, Shanghai)",FTIR;custom,true,0.8,15.0,normal,No;calculated,,,,5,2026-08-02,10.1016/j.expthermflusci.2019.110017,
10.1366/0003702953963607,10.1366/0003702953963607,7565676,Novel Experimental Technique for Measuring High-Temperature Spectral Emissivities,Mark J. Ballico;Trebor P. Jones,1995,Applied Spectroscopy,AU,"Commonwealth Scientific and Industrial Research Organisation (AU, Canberra);Commonwealth Scientific and Industrial Research Organisation (AU, Canberra)",FTIR;Bomem DA 2.16,true,2.0,22.22,normal,thermocouple,heat pipe (sodium),773.0,1273.0,23,2026-08-02,,
10.2514/3.50929,10.2514/3.50929,19384760,Method for measuring high temperature spectral emissivity of nonconducting materials,P. E. Johnson;D. P. De Witt;R. E. Taylor,1981,AIAA Journal,US,"Purdue University (US, West Lafayette);College of Engineering (US, West Lafayette);College of Engineering (US, West Lafayette)",Hg-Cd-Te detector with monochromator,true,1.5,15.0,normal,pyrometer,,,,13,2026-08-02,,
10.2514/3.558,10.2514/3.558,28466722,"High-temperature, normal spectral emittance of silicon carbide based materials",Michael A. Postlethwait;Kamal K. Sikka;Michael F. Modest;John R. Hellmann,1994,Journal of Thermophysics and Heat Transfer,US,"Penn State College of Engineering (US, University Park);Penn State College of Engineering (US, University Park);Penn State College of Engineering (US, University Park);Penn State College of Engineering (US, University Park)",FTIR,true,1.0,8.0,normal,thermocouple,electric heater,773.0,1773.0,23,2026-08-02,,
10.3390/app142210369,10.3390/app142210369,85210448650,A Measurement Device for the Normal Spectral Emissivity of Materials Under Low-Temperature and Vacuum Conditions,Xufeng Liu;Zhenyuan Zhang;Guojin Feng,2024,Applied Sciences (Switzerland),CN,"National Institute of Metrology China (CN, Beijing);Beijing University of Civil Engineering and Architecture (CN, Beijing);National Institute of Metrology China (CN, Beijing)",FTIR;Bruker Vertex 80v,true,4.0,16.0,normal,Calculated,electric heater,213.0,373.0,2,2026-08-02,10.1007/s10765-021-02813-0;10.1007/s10765-022-03129-3;10.1007/s10765-024-03393-5,10.1007/s10765-014-1745-7;10.1007/s10765-016-2142-1;10.1109/TIM.2019.2944504
10.3390/ma12071141,10.3390/ma12071141,85065676755,An apparatus for spectral emissivity measurements of thermal control materials at low temperatures,Jiayu Ma;Yuzhi Zhang;Lingnan Wu;Haogeng Li;Lixin Song,2019,Materials,CN,"Shanghai Institute of Ceramics, Chinese Academy of Sciences (CN, Shanghai);Shanghai Institute of Ceramics, Chinese Academy of Sciences (CN, Shanghai);Shanghai Institute of Ceramics, Chinese Academy of Sciences (CN, Shanghai);Shanghai Institute of Ceramics, Chinese Academy of Sciences (CN, Shanghai);Shanghai Institute of Ceramics, Chinese Academy of Sciences (CN, Shanghai)",FTIR;Bruker Vertex 70v,true,8.0,14.0,normal,,refrigerator (ULCAC CRYOGENICS;Kanagawa;Japan);a power adjustable heating resistor (SAKAGUCHI;Tokyo;Japan),173.0,213.0,13,2026-08-02,10.1007/s10765-016-2058-9;10.1016/j.infrared.2015.10.001;10.1016/j.measurement.2023.113999;10.1088/0957-0233/25/9/095501;10.1109/TIM.2024.3457934,10.1007/s10765-008-0442-9;10.1007/s10765-014-1745-7;10.1007/s10765-015-1866-7;10.1007/s11018-012-0103-z;10.1016/j.solener.2022.01.050;10.1088/1681-7575/ab84ff;10.1088/1742-6596/13/1/015
10.3390/ma15010235,10.3390/ma15010235,85121968760,Investigation of high-temperature normal infrared spectral emissivity of zro2 thermal barrier coating artefacts by the modified integrated blackbody method,Tong Zhang;Xuyao Song;Gongjin Qi;Baolin An;Wei Dong;Yan Zhao;Zhiyong Wang;Xiaosu Yi;Zundong Yuan;Yunlong Zhao;Luge Sun;Hongyu Mao,2022,Materials,CN,"Beihang University (CN, Beijing);AVIC Manufacturing Technology Institute (CN, Beijing);AVIC Manufacturing Technology Institute (CN, Beijing);National Institute of Metrology China (CN, Beijing);National Institute of Metrology China (CN, Beijing);Beihang University (CN, Beijing);Beijing Institute of Aeronautical Materials (CN, Beijing);Beijing Institute of Aeronautical Materials (CN, Beijing);National Institute of Metrology China (CN, Beijing);National Institute of Metrology China (CN, Beijing);National Institute of Metrology China (CN, Beijing);AVIC Manufacturing Technology Institute (CN, Beijing)",FTIR;Bruker Vertex 70,true,1.0,14.0,normal,thermocouple;calculated,electric heater,1273.0,1773.0,7,2026-08-02,10.1007/s10765-015-1866-7;10.1007/s10765-016-2058-9,10.1007/s10765-013-1400-8;10.1088/1742-6596/13/1/015;10.1117/12.542224
10.3390/s21186252,10.3390/s21186252,85115117487,Development and evaluation of an improved apparatus for measuring the emissivity at high temperatures,Mariacarla Arduini;Jochen Manara;Thomas Stark;Hans Peter Ebert;Jürgen Hartmann,2021,Sensors,DE,"Das Bayerische Zentrum für Angewandte Energieforschung e.V. (DE, Wurzburg);Das Bayerische Zentrum für Angewandte Energieforschung e.V. (DE, Wurzburg);Das Bayerische Zentrum für Angewandte Energieforschung e.V. (DE, Wurzburg);Das Bayerische Zentrum für Angewandte Energieforschung e.V. (DE, Wurzburg);Das Bayerische Zentrum für Angewandte Energieforschung e.V. (DE, Wurzburg)",FTIR;Bruker Vertex 70v,true,1.0,20.0,directional,thermocouple;radiation thermometer;calculated,induction heating,373.0,2400.0,15,2026-08-02,10.1063/1.2393157;10.1109/TIM.2024.3457934,10.1007/s00340-024-08331-9;10.1007/s10765-008-0442-9;10.1007/s10765-013-1400-8;10.1016/j.applthermaleng.2025.127648;10.1016/j.ijthermalsci.2025.109809;10.1088/0026-1394/47/2/S14;10.1088/1681-7575/ab84ff;10.1088/1742-6596/395/1/012152;10.1117/12.542224;10.1117/12.560602;10.3390/s25020487
10.3390/s25020487,10.3390/s25020487,85215808700,A Measurement Approach for Characterizing Temperature-Related Emissivity Variability in High-Emissivity Materials,Gloria Cosoli;Paolo Chiariotti;Beatriz García-Baños;Giuseppe Pandarese;Felipe L. Peñaranda-Foix;Gian Marco Revel,2025,Sensors,IT,"eCampus University (IT, Novedrate);Politecnico di Milano (IT, Milan);Universitat Politècnica de València (ES, Valencia);Università Politecnica delle Marche (IT, Ancona);Universitat Politècnica de València (ES, Valencia);Università Politecnica delle Marche (IT, Ancona)",pyrometer,,,,normal,pyrometer,Microwave,,973.0,4,2026-08-02,10.1007/s10765-018-2404-1;10.1088/1361-6501/ab5e9b;10.3390/s21186252,10.1063/1.4949213
noid-clark1966rotatingcylinderemittance,,,A Rotating Cylinder Method for Measuring Normal Spectral Emittance of Ceramic Oxide Specimens From 1200 to 1600 °K,"Clark, Howard E.;Moore, Dwight G.",1966,Journal of Research of the National Bureau of Standards (U.S.),,,Scanning spectrometer,true,1.0,15.0,normal,thermocouple,electic heater,1200.0,1600.0,,,,
noid-fussell1967approximatenormalemissivitycaf2,,,Approximate Normal Emissivity Spectra in the Infrared at Elevated Temperatures of Single-Crystal and Polycrystalline Calcium Fluoride,"Fussell, W.;Geist, J.",1967,Applied Optics,,,Scanning spectrometer;Perkin-Elmer Model 112,true,2.0,12.0,normal,thermocouple,electric furnace,773.0,873.0,,,,
noid-maki1960emissivity,,,Apparatus for the Measurement of the Normal Spectral Emissivity in the Infrared,"Maki, A. G.;Stair, Ralph;Johnston, R. G.",1960,"Journal of Research of the National Bureau of Standards, Section C",,,Scanning spectrometer;Perkin-Elmer Model 13,true,1.0,15.0,normal,thermocouple,current through sample,800.0,1400.0,,,,
noid-maki1960normalspectralemissivityinfrared,,,Apparatus for the Measurement of the Normal Spectral Emissivity in the Infrared,"Maki, Arthur G.;Stair, Ralph;Johnston, R. G.",1960,Journal of Research of the National Bureau of Standards (U.S.),,,Scanning spectrometer,true,1.5,15.0,normal,thermocouple,current through sample,780.0,1400.0,,,,
noid-maki1962emissivitiesmetalsir,,,Method of Measuring Emissivities of Metals in the Infrared,"Maki, Arthur G.;Plyler, Earle K.",1962,Journal of Research of the National Bureau of Standards (U.S.),,,Scanning spectrometer,true,2.0,14.0,normal,thermocouple,,,,,,,
scopus_26884580,,26884580,High-temperature optical properties of oxide ceramics,"Sova, Raymond M;Linevsky, Milton J;Thomas, Michael E;Mark, Frank F",1992,Johns Hopkins APL Technical Digest;(United States),,,FTIR,true,0.74,20.0,normal,Thermocouple;calculated,laser,600.0,2000.0,22,2026-08-02,,
scopus_77957053134,,77957053134,The measurement of directional spectral emissivity in the temperature range from 80 °C to 500 °C at the Physikalisch-Technische Bundesanstalt,Christian Monte;Jörg Hollandt,2010,High Temperatures - High Pressures,DE,"Physikalisch-Technische Bundesanstalt (DE, Braunschweig);Physikalisch-Technische Bundesanstalt (DE, Braunschweig)",FTIR;Nicolet 5DXB,true,4.0,40.0,directional,platinum resistance thermometer;calculated,electric heater,353.0,773.0,37,2026-08-02,10.1007/s10765-014-1745-7;10.1007/s11018-012-0103-z;10.1016/j.jqsrt.2020.107316;10.1063/5.0073459;10.1088/0957-0233/25/9/095501,10.1007/s10765-008-0442-9
